UNIV-JSON  n=645 dlmm=242 pump=403 mints_from_bin=1 missing=0
UNIV-JSON  wrote /home/louis/captures/paper_orbit/liveuniv.json
  wsol 50000000
  simulate err={'InstructionError': [2, {'Custom': 6}]} cu=81777 logs=41
    Program ComputeBudget111111111111111111111111111111 invoke [1]
    Program ComputeBudget111111111111111111111111111111 success
    Program ComputeBudget111111111111111111111111111111 invoke [1]
    Program ComputeBudget111111111111111111111111111111 success
    Program CnddPhKV1fnKE7ic5nSJcoVq2XFmQ9daE3tuqc2u6qTt invoke [1]
    Program LBUZKhRxPF3XUpBCjp4YzTKgLccjZhTSDM9YuVaPwxo invoke [2]
    Program log: Instruction: Swap2
    Program LBUZKhRxPF3XUpBCjp4YzTKgLccjZhTSDM9YuVaPwxo invoke [3]
    Program LBUZKhRxPF3XUpBCjp4YzTKgLccjZhTSDM9YuVaPwxo consumed 772 of 371367 compute units
    Program LBUZKhRxPF3XUpBCjp4YzTKgLccjZhTSDM9YuVaPwxo success
    Program TokenkegQfeZyiNwAJbNbGKPFXCWuBvf9Ss623VQ5DA invoke [3]
    Program TokenkegQfeZyiNwAJbNbGKPFXCWuBvf9Ss623VQ5DA consumed 112 of 368553 compute units
    Program TokenkegQfeZyiNwAJbNbGKPFXCWuBvf9Ss623VQ5DA success
    Program TokenzQdBNbLqP5VEhdkAS6EPFLC1PHnBqCXEpPxuEb invoke [3]
    Program log: Instruction: TransferChecked
    Program TokenzQdBNbLqP5VEhdkAS6EPFLC1PHnBqCXEpPxuEb consumed 2442 of 365680 compute units
    Program TokenzQdBNbLqP5VEhdkAS6EPFLC1PHnBqCXEpPxuEb success
    Program LBUZKhRxPF3XUpBCjp4YzTKgLccjZhTSDM9YuVaPwxo invoke [3]
    Program LBUZKhRxPF3XUpBCjp4YzTKgLccjZhTSDM9YuVaPwxo consumed 772 of 360527 compute units
    Program LBUZKhRxPF3XUpBCjp4YzTKgLccjZhTSDM9YuVaPwxo success
    ...
    Program LBUZKhRxPF3XUpBCjp4YzTKgLccjZhTSDM9YuVaPwxo consumed 772 of 320226 compute units
    Program LBUZKhRxPF3XUpBCjp4YzTKgLccjZhTSDM9YuVaPwxo success
    Program LBUZKhRxPF3XUpBCjp4YzTKgLccjZhTSDM9YuVaPwxo consumed 36550 of 354954 compute units
    Program LBUZKhRxPF3XUpBCjp4YzTKgLccjZhTSDM9YuVaPwxo success
    Program CnddPhKV1fnKE7ic5nSJcoVq2XFmQ9daE3tuqc2u6qTt consumed 81477 of 399700 compute units
    Program CnddPhKV1fnKE7ic5nSJcoVq2XFmQ9daE3tuqc2u6qTt failed: custom program error: 0x6
GOLDEN  frozen dd id=0 (keep)
GOLDEN  frozen dd id=0 (keep)
RECOVER  dlmm-dlmm id=0 custom6=True cu=81777 raw=964 alt=False err={'InstructionError': [2, {'Custom': 6}]}
RECOVER  dumped VECTOR.json id=1 n_acc=43 fails=0
  simulate err={'InstructionError': [2, {'Custom': 6}]} cu=131550 logs=53
    Program ComputeBudget111111111111111111111111111111 invoke [1]
    Program ComputeBudget111111111111111111111111111111 success
    Program ComputeBudget111111111111111111111111111111 invoke [1]
    Program ComputeBudget111111111111111111111111111111 success
    Program CnddPhKV1fnKE7ic5nSJcoVq2XFmQ9daE3tuqc2u6qTt invoke [1]
    Program LBUZKhRxPF3XUpBCjp4YzTKgLccjZhTSDM9YuVaPwxo invoke [2]
    Program log: Instruction: Swap2
    Program LBUZKhRxPF3XUpBCjp4YzTKgLccjZhTSDM9YuVaPwxo invoke [3]
    Program LBUZKhRxPF3XUpBCjp4YzTKgLccjZhTSDM9YuVaPwxo consumed 772 of 371170 compute units
    Program LBUZKhRxPF3XUpBCjp4YzTKgLccjZhTSDM9YuVaPwxo success
    Program TokenkegQfeZyiNwAJbNbGKPFXCWuBvf9Ss623VQ5DA invoke [3]
    Program TokenkegQfeZyiNwAJbNbGKPFXCWuBvf9Ss623VQ5DA consumed 112 of 368356 compute units
    Program TokenkegQfeZyiNwAJbNbGKPFXCWuBvf9Ss623VQ5DA success
    Program TokenzQdBNbLqP5VEhdkAS6EPFLC1PHnBqCXEpPxuEb invoke [3]
    Program log: Instruction: TransferChecked
    Program TokenzQdBNbLqP5VEhdkAS6EPFLC1PHnBqCXEpPxuEb consumed 2442 of 365483 compute units
    Program TokenzQdBNbLqP5VEhdkAS6EPFLC1PHnBqCXEpPxuEb success
    Program LBUZKhRxPF3XUpBCjp4YzTKgLccjZhTSDM9YuVaPwxo invoke [3]
    Program LBUZKhRxPF3XUpBCjp4YzTKgLccjZhTSDM9YuVaPwxo consumed 772 of 360330 compute units
    Program LBUZKhRxPF3XUpBCjp4YzTKgLccjZhTSDM9YuVaPwxo success
    ...
    Program pAMMBay6oceH9fJKBRHGP5D4bD4sWpmSwMn52FMfXEA consumed 2098 of 272437 compute units
    Program pAMMBay6oceH9fJKBRHGP5D4bD4sWpmSwMn52FMfXEA success
    Program pAMMBay6oceH9fJKBRHGP5D4bD4sWpmSwMn52FMfXEA consumed 84434 of 353065 compute units
    Program pAMMBay6oceH9fJKBRHGP5D4bD4sWpmSwMn52FMfXEA success
    Program CnddPhKV1fnKE7ic5nSJcoVq2XFmQ9daE3tuqc2u6qTt consumed 131250 of 399700 compute units
    Program CnddPhKV1fnKE7ic5nSJcoVq2XFmQ9daE3tuqc2u6qTt failed: custom program error: 0x6
GOLDEN  frozen dp id=1 (keep)
GOLDEN  frozen dp id=1 (keep)
RECOVER  dlmm-pump id=1 custom6=True cu=131550 raw=837 alt=True err={'InstructionError': [2, {'Custom': 6}]}
  simulate err={'InstructionError': [2, {'Custom': 6}]} cu=145414 logs=55
    Program ComputeBudget111111111111111111111111111111 invoke [1]
    Program ComputeBudget111111111111111111111111111111 success
    Program ComputeBudget111111111111111111111111111111 invoke [1]
    Program ComputeBudget111111111111111111111111111111 success
    Program CnddPhKV1fnKE7ic5nSJcoVq2XFmQ9daE3tuqc2u6qTt invoke [1]
    Program pAMMBay6oceH9fJKBRHGP5D4bD4sWpmSwMn52FMfXEA invoke [2]
    Program log: Instruction: BuyExactQuoteIn
    Program 11111111111111111111111111111111 invoke [3]
    Program 11111111111111111111111111111111 success
    Program pfeeUxB6jkeY1Hxd7CsFCAjcbHA9rWtchMGdZ6VojVZ invoke [3]
    Program log: Instruction: GetFeesWithQuoteMint
    Program pfeeUxB6jkeY1Hxd7CsFCAjcbHA9rWtchMGdZ6VojVZ consumed 6051 of 350610 compute units
    Program return: pfeeUxB6jkeY1Hxd7CsFCAjcbHA9rWtchMGdZ6VojVZ FAAAAAAAAAAFAAAAAAAAAEsAAAAAAAAA
    Program pfeeUxB6jkeY1Hxd7CsFCAjcbHA9rWtchMGdZ6VojVZ success
    Program TokenzQdBNbLqP5VEhdkAS6EPFLC1PHnBqCXEpPxuEb invoke [3]
    Program log: Instruction: TransferChecked
    Program TokenzQdBNbLqP5VEhdkAS6EPFLC1PHnBqCXEpPxuEb consumed 2562 of 339187 compute units
    Program TokenzQdBNbLqP5VEhdkAS6EPFLC1PHnBqCXEpPxuEb success
    Program TokenkegQfeZyiNwAJbNbGKPFXCWuBvf9Ss623VQ5DA invoke [3]
    Program TokenkegQfeZyiNwAJbNbGKPFXCWuBvf9Ss623VQ5DA consumed 112 of 334121 compute units
    ...
    Program LBUZKhRxPF3XUpBCjp4YzTKgLccjZhTSDM9YuVaPwxo consumed 772 of 256589 compute units
    Program LBUZKhRxPF3XUpBCjp4YzTKgLccjZhTSDM9YuVaPwxo success
    Program LBUZKhRxPF3XUpBCjp4YzTKgLccjZhTSDM9YuVaPwxo consumed 36543 of 291310 compute units
    Program LBUZKhRxPF3XUpBCjp4YzTKgLccjZhTSDM9YuVaPwxo success
    Program CnddPhKV1fnKE7ic5nSJcoVq2XFmQ9daE3tuqc2u6qTt consumed 145114 of 399700 compute units
    Program CnddPhKV1fnKE7ic5nSJcoVq2XFmQ9daE3tuqc2u6qTt failed: custom program error: 0x6
GOLDEN  frozen pd id=152 (keep)
GOLDEN  frozen pd id=152 (keep)
RECOVER  pump-dlmm id=152 custom6=True cu=145414 raw=841 alt=True err={'InstructionError': [2, {'Custom': 6}]}
RECOVER  proven 3/3 PASS
  simulate err={'InstructionError': [2, {'Custom': 6053}]} cu=69085 logs=28
    Program ComputeBudget111111111111111111111111111111 invoke [1]
    Program ComputeBudget111111111111111111111111111111 success
    Program ComputeBudget111111111111111111111111111111 invoke [1]
    Program ComputeBudget111111111111111111111111111111 success
    Program CnddPhKV1fnKE7ic5nSJcoVq2XFmQ9daE3tuqc2u6qTt invoke [1]
    Program pAMMBay6oceH9fJKBRHGP5D4bD4sWpmSwMn52FMfXEA invoke [2]
    Program log: Instruction: BuyExactQuoteIn
    Program 11111111111111111111111111111111 invoke [3]
    Program 11111111111111111111111111111111 success
    Program pfeeUxB6jkeY1Hxd7CsFCAjcbHA9rWtchMGdZ6VojVZ invoke [3]
    Program log: Instruction: GetFeesWithQuoteMint
    Program pfeeUxB6jkeY1Hxd7CsFCAjcbHA9rWtchMGdZ6VojVZ consumed 5688 of 349552 compute units
    Program return: pfeeUxB6jkeY1Hxd7CsFCAjcbHA9rWtchMGdZ6VojVZ GQAAAAAAAAAFAAAAAAAAAAAAAAAAAAAA
    Program pfeeUxB6jkeY1Hxd7CsFCAjcbHA9rWtchMGdZ6VojVZ success
    Program TokenkegQfeZyiNwAJbNbGKPFXCWuBvf9Ss623VQ5DA invoke [3]
    Program TokenkegQfeZyiNwAJbNbGKPFXCWuBvf9Ss623VQ5DA consumed 105 of 339072 compute units
    Program TokenkegQfeZyiNwAJbNbGKPFXCWuBvf9Ss623VQ5DA success
    Program TokenkegQfeZyiNwAJbNbGKPFXCWuBvf9Ss623VQ5DA invoke [3]
    Program TokenkegQfeZyiNwAJbNbGKPFXCWuBvf9Ss623VQ5DA consumed 112 of 336463 compute units
    Program TokenkegQfeZyiNwAJbNbGKPFXCWuBvf9Ss623VQ5DA success
    ...
    Program TokenkegQfeZyiNwAJbNbGKPFXCWuBvf9Ss623VQ5DA success
    Program log: AnchorError thrown in programs/pump-amm/src/state/global_config.rs:326. Error Code: BuybackFeeRecipientNotAuthorized. Error Number: 6053. Error Message: Buyback fee re
    Program pAMMBay6oceH9fJKBRHGP5D4bD4sWpmSwMn52FMfXEA consumed 62003 of 392918 compute units
    Program pAMMBay6oceH9fJKBRHGP5D4bD4sWpmSwMn52FMfXEA failed: custom program error: 0x17a5
    Program CnddPhKV1fnKE7ic5nSJcoVq2XFmQ9daE3tuqc2u6qTt consumed 68785 of 399700 compute units
    Program CnddPhKV1fnKE7ic5nSJcoVq2XFmQ9daE3tuqc2u6qTt failed: custom program error: 0x17a5
RECOVER  pump-pump id=173 custom6=False cu=69085 raw=914 alt=True err={'InstructionError': [2, {'Custom': 6053}]}
  simulate err={'InstructionError': [2, {'Custom': 6053}]} cu=69098 logs=28
    Program ComputeBudget111111111111111111111111111111 invoke [1]
    Program ComputeBudget111111111111111111111111111111 success
    Program ComputeBudget111111111111111111111111111111 invoke [1]
    Program ComputeBudget111111111111111111111111111111 success
    Program CnddPhKV1fnKE7ic5nSJcoVq2XFmQ9daE3tuqc2u6qTt invoke [1]
    Program pAMMBay6oceH9fJKBRHGP5D4bD4sWpmSwMn52FMfXEA invoke [2]
    Program log: Instruction: BuyExactQuoteIn
    Program 11111111111111111111111111111111 invoke [3]
    Program 11111111111111111111111111111111 success
    Program pfeeUxB6jkeY1Hxd7CsFCAjcbHA9rWtchMGdZ6VojVZ invoke [3]
    Program log: Instruction: GetFeesWithQuoteMint
    Program pfeeUxB6jkeY1Hxd7CsFCAjcbHA9rWtchMGdZ6VojVZ consumed 5688 of 349539 compute units
    Program return: pfeeUxB6jkeY1Hxd7CsFCAjcbHA9rWtchMGdZ6VojVZ GQAAAAAAAAAFAAAAAAAAAAAAAAAAAAAA
    Program pfeeUxB6jkeY1Hxd7CsFCAjcbHA9rWtchMGdZ6VojVZ success
    Program TokenkegQfeZyiNwAJbNbGKPFXCWuBvf9Ss623VQ5DA invoke [3]
    Program TokenkegQfeZyiNwAJbNbGKPFXCWuBvf9Ss623VQ5DA consumed 105 of 339059 compute units
    Program TokenkegQfeZyiNwAJbNbGKPFXCWuBvf9Ss623VQ5DA success
    Program TokenkegQfeZyiNwAJbNbGKPFXCWuBvf9Ss623VQ5DA invoke [3]
    Program TokenkegQfeZyiNwAJbNbGKPFXCWuBvf9Ss623VQ5DA consumed 112 of 336450 compute units
    Program TokenkegQfeZyiNwAJbNbGKPFXCWuBvf9Ss623VQ5DA success
    ...
    Program TokenkegQfeZyiNwAJbNbGKPFXCWuBvf9Ss623VQ5DA success
    Program log: AnchorError thrown in programs/pump-amm/src/state/global_config.rs:326. Error Code: BuybackFeeRecipientNotAuthorized. Error Number: 6053. Error Message: Buyback fee re
    Program pAMMBay6oceH9fJKBRHGP5D4bD4sWpmSwMn52FMfXEA consumed 62016 of 392918 compute units
    Program pAMMBay6oceH9fJKBRHGP5D4bD4sWpmSwMn52FMfXEA failed: custom program error: 0x17a5
    Program CnddPhKV1fnKE7ic5nSJcoVq2XFmQ9daE3tuqc2u6qTt consumed 68798 of 399700 compute units
    Program CnddPhKV1fnKE7ic5nSJcoVq2XFmQ9daE3tuqc2u6qTt failed: custom program error: 0x17a5
RECOVER  pump-pump id=176 custom6=False cu=69098 raw=914 alt=True err={'InstructionError': [2, {'Custom': 6053}]}
  simulate err={'InstructionError': [2, {'Custom': 6053}]} cu=67598 logs=28
    Program ComputeBudget111111111111111111111111111111 invoke [1]
    Program ComputeBudget111111111111111111111111111111 success
    Program ComputeBudget111111111111111111111111111111 invoke [1]
    Program ComputeBudget111111111111111111111111111111 success
    Program CnddPhKV1fnKE7ic5nSJcoVq2XFmQ9daE3tuqc2u6qTt invoke [1]
    Program pAMMBay6oceH9fJKBRHGP5D4bD4sWpmSwMn52FMfXEA invoke [2]
    Program log: Instruction: BuyExactQuoteIn
    Program 11111111111111111111111111111111 invoke [3]
    Program 11111111111111111111111111111111 success
    Program pfeeUxB6jkeY1Hxd7CsFCAjcbHA9rWtchMGdZ6VojVZ invoke [3]
    Program log: Instruction: GetFeesWithQuoteMint
    Program pfeeUxB6jkeY1Hxd7CsFCAjcbHA9rWtchMGdZ6VojVZ consumed 5688 of 351039 compute units
    Program return: pfeeUxB6jkeY1Hxd7CsFCAjcbHA9rWtchMGdZ6VojVZ GQAAAAAAAAAFAAAAAAAAAAAAAAAAAAAA
    Program pfeeUxB6jkeY1Hxd7CsFCAjcbHA9rWtchMGdZ6VojVZ success
    Program TokenkegQfeZyiNwAJbNbGKPFXCWuBvf9Ss623VQ5DA invoke [3]
    Program TokenkegQfeZyiNwAJbNbGKPFXCWuBvf9Ss623VQ5DA consumed 105 of 340559 compute units
    Program TokenkegQfeZyiNwAJbNbGKPFXCWuBvf9Ss623VQ5DA success
    Program TokenkegQfeZyiNwAJbNbGKPFXCWuBvf9Ss623VQ5DA invoke [3]
    Program TokenkegQfeZyiNwAJbNbGKPFXCWuBvf9Ss623VQ5DA consumed 112 of 337950 compute units
    Program TokenkegQfeZyiNwAJbNbGKPFXCWuBvf9Ss623VQ5DA success
    ...
    Program TokenkegQfeZyiNwAJbNbGKPFXCWuBvf9Ss623VQ5DA success
    Program log: AnchorError thrown in programs/pump-amm/src/state/global_config.rs:326. Error Code: BuybackFeeRecipientNotAuthorized. Error Number: 6053. Error Message: Buyback fee re
    Program pAMMBay6oceH9fJKBRHGP5D4bD4sWpmSwMn52FMfXEA consumed 60516 of 392918 compute units
    Program pAMMBay6oceH9fJKBRHGP5D4bD4sWpmSwMn52FMfXEA failed: custom program error: 0x17a5
    Program CnddPhKV1fnKE7ic5nSJcoVq2XFmQ9daE3tuqc2u6qTt consumed 67298 of 399700 compute units
    Program CnddPhKV1fnKE7ic5nSJcoVq2XFmQ9daE3tuqc2u6qTt failed: custom program error: 0x17a5
RECOVER  pump-pump id=180 custom6=False cu=67598 raw=976 alt=True err={'InstructionError': [2, {'Custom': 6053}]}
  simulate err={'InstructionError': [2, {'Custom': 6053}]} cu=67598 logs=28
    Program ComputeBudget111111111111111111111111111111 invoke [1]
    Program ComputeBudget111111111111111111111111111111 success
    Program ComputeBudget111111111111111111111111111111 invoke [1]
    Program ComputeBudget111111111111111111111111111111 success
    Program CnddPhKV1fnKE7ic5nSJcoVq2XFmQ9daE3tuqc2u6qTt invoke [1]
    Program pAMMBay6oceH9fJKBRHGP5D4bD4sWpmSwMn52FMfXEA invoke [2]
    Program log: Instruction: BuyExactQuoteIn
    Program 11111111111111111111111111111111 invoke [3]
    Program 11111111111111111111111111111111 success
    Program pfeeUxB6jkeY1Hxd7CsFCAjcbHA9rWtchMGdZ6VojVZ invoke [3]
    Program log: Instruction: GetFeesWithQuoteMint
    Program pfeeUxB6jkeY1Hxd7CsFCAjcbHA9rWtchMGdZ6VojVZ consumed 5688 of 351039 compute units
    Program return: pfeeUxB6jkeY1Hxd7CsFCAjcbHA9rWtchMGdZ6VojVZ GQAAAAAAAAAFAAAAAAAAAAAAAAAAAAAA
    Program pfeeUxB6jkeY1Hxd7CsFCAjcbHA9rWtchMGdZ6VojVZ success
    Program TokenkegQfeZyiNwAJbNbGKPFXCWuBvf9Ss623VQ5DA invoke [3]
    Program TokenkegQfeZyiNwAJbNbGKPFXCWuBvf9Ss623VQ5DA consumed 105 of 340559 compute units
    Program TokenkegQfeZyiNwAJbNbGKPFXCWuBvf9Ss623VQ5DA success
    Program TokenkegQfeZyiNwAJbNbGKPFXCWuBvf9Ss623VQ5DA invoke [3]
    Program TokenkegQfeZyiNwAJbNbGKPFXCWuBvf9Ss623VQ5DA consumed 112 of 337950 compute units
    Program TokenkegQfeZyiNwAJbNbGKPFXCWuBvf9Ss623VQ5DA success
    ...
    Program TokenkegQfeZyiNwAJbNbGKPFXCWuBvf9Ss623VQ5DA success
    Program log: AnchorError thrown in programs/pump-amm/src/state/global_config.rs:326. Error Code: BuybackFeeRecipientNotAuthorized. Error Number: 6053. Error Message: Buyback fee re
    Program pAMMBay6oceH9fJKBRHGP5D4bD4sWpmSwMn52FMfXEA consumed 60516 of 392918 compute units
    Program pAMMBay6oceH9fJKBRHGP5D4bD4sWpmSwMn52FMfXEA failed: custom program error: 0x17a5
    Program CnddPhKV1fnKE7ic5nSJcoVq2XFmQ9daE3tuqc2u6qTt consumed 67298 of 399700 compute units
    Program CnddPhKV1fnKE7ic5nSJcoVq2XFmQ9daE3tuqc2u6qTt failed: custom program error: 0x17a5
RECOVER  pump-pump id=186 custom6=False cu=67598 raw=976 alt=True err={'InstructionError': [2, {'Custom': 6053}]}
  simulate err={'InstructionError': [2, {'Custom': 6053}]} cu=70738 logs=29
    Program ComputeBudget111111111111111111111111111111 invoke [1]
    Program ComputeBudget111111111111111111111111111111 success
    Program ComputeBudget111111111111111111111111111111 invoke [1]
    Program ComputeBudget111111111111111111111111111111 success
    Program CnddPhKV1fnKE7ic5nSJcoVq2XFmQ9daE3tuqc2u6qTt invoke [1]
    Program pAMMBay6oceH9fJKBRHGP5D4bD4sWpmSwMn52FMfXEA invoke [2]
    Program log: Instruction: BuyExactQuoteIn
    Program 11111111111111111111111111111111 invoke [3]
    Program 11111111111111111111111111111111 success
    Program pfeeUxB6jkeY1Hxd7CsFCAjcbHA9rWtchMGdZ6VojVZ invoke [3]
    Program log: Instruction: GetFeesWithQuoteMint
    Program pfeeUxB6jkeY1Hxd7CsFCAjcbHA9rWtchMGdZ6VojVZ consumed 5688 of 350681 compute units
    Program return: pfeeUxB6jkeY1Hxd7CsFCAjcbHA9rWtchMGdZ6VojVZ GQAAAAAAAAAFAAAAAAAAAAAAAAAAAAAA
    Program pfeeUxB6jkeY1Hxd7CsFCAjcbHA9rWtchMGdZ6VojVZ success
    Program TokenzQdBNbLqP5VEhdkAS6EPFLC1PHnBqCXEpPxuEb invoke [3]
    Program log: Instruction: TransferChecked
    Program TokenzQdBNbLqP5VEhdkAS6EPFLC1PHnBqCXEpPxuEb consumed 2909 of 340230 compute units
    Program TokenzQdBNbLqP5VEhdkAS6EPFLC1PHnBqCXEpPxuEb success
    Program TokenkegQfeZyiNwAJbNbGKPFXCWuBvf9Ss623VQ5DA invoke [3]
    Program TokenkegQfeZyiNwAJbNbGKPFXCWuBvf9Ss623VQ5DA consumed 112 of 334817 compute units
    ...
    Program TokenkegQfeZyiNwAJbNbGKPFXCWuBvf9Ss623VQ5DA success
    Program log: AnchorError thrown in programs/pump-amm/src/state/global_config.rs:326. Error Code: BuybackFeeRecipientNotAuthorized. Error Number: 6053. Error Message: Buyback fee re
    Program pAMMBay6oceH9fJKBRHGP5D4bD4sWpmSwMn52FMfXEA consumed 63655 of 392917 compute units
    Program pAMMBay6oceH9fJKBRHGP5D4bD4sWpmSwMn52FMfXEA failed: custom program error: 0x17a5
    Program CnddPhKV1fnKE7ic5nSJcoVq2XFmQ9daE3tuqc2u6qTt consumed 70438 of 399700 compute units
    Program CnddPhKV1fnKE7ic5nSJcoVq2XFmQ9daE3tuqc2u6qTt failed: custom program error: 0x17a5
RECOVER  pump-pump id=192 custom6=False cu=70738 raw=976 alt=True err={'InstructionError': [2, {'Custom': 6053}]}
  simulate err={'InstructionError': [2, {'Custom': 6053}]} cu=70738 logs=29
    Program ComputeBudget111111111111111111111111111111 invoke [1]
    Program ComputeBudget111111111111111111111111111111 success
    Program ComputeBudget111111111111111111111111111111 invoke [1]
    Program ComputeBudget111111111111111111111111111111 success
    Program CnddPhKV1fnKE7ic5nSJcoVq2XFmQ9daE3tuqc2u6qTt invoke [1]
    Program pAMMBay6oceH9fJKBRHGP5D4bD4sWpmSwMn52FMfXEA invoke [2]
    Program log: Instruction: BuyExactQuoteIn
    Program 11111111111111111111111111111111 invoke [3]
    Program 11111111111111111111111111111111 success
    Program pfeeUxB6jkeY1Hxd7CsFCAjcbHA9rWtchMGdZ6VojVZ invoke [3]
    Program log: Instruction: GetFeesWithQuoteMint
    Program pfeeUxB6jkeY1Hxd7CsFCAjcbHA9rWtchMGdZ6VojVZ consumed 5688 of 350681 compute units
    Program return: pfeeUxB6jkeY1Hxd7CsFCAjcbHA9rWtchMGdZ6VojVZ GQAAAAAAAAAFAAAAAAAAAAAAAAAAAAAA
    Program pfeeUxB6jkeY1Hxd7CsFCAjcbHA9rWtchMGdZ6VojVZ success
    Program TokenzQdBNbLqP5VEhdkAS6EPFLC1PHnBqCXEpPxuEb invoke [3]
    Program log: Instruction: TransferChecked
    Program TokenzQdBNbLqP5VEhdkAS6EPFLC1PHnBqCXEpPxuEb consumed 2909 of 340230 compute units
    Program TokenzQdBNbLqP5VEhdkAS6EPFLC1PHnBqCXEpPxuEb success
    Program TokenkegQfeZyiNwAJbNbGKPFXCWuBvf9Ss623VQ5DA invoke [3]
    Program TokenkegQfeZyiNwAJbNbGKPFXCWuBvf9Ss623VQ5DA consumed 112 of 334817 compute units
    ...
    Program TokenkegQfeZyiNwAJbNbGKPFXCWuBvf9Ss623VQ5DA success
    Program log: AnchorError thrown in programs/pump-amm/src/state/global_config.rs:326. Error Code: BuybackFeeRecipientNotAuthorized. Error Number: 6053. Error Message: Buyback fee re
    Program pAMMBay6oceH9fJKBRHGP5D4bD4sWpmSwMn52FMfXEA consumed 63655 of 392917 compute units
    Program pAMMBay6oceH9fJKBRHGP5D4bD4sWpmSwMn52FMfXEA failed: custom program error: 0x17a5
    Program CnddPhKV1fnKE7ic5nSJcoVq2XFmQ9daE3tuqc2u6qTt consumed 70438 of 399700 compute units
    Program CnddPhKV1fnKE7ic5nSJcoVq2XFmQ9daE3tuqc2u6qTt failed: custom program error: 0x17a5
RECOVER  pump-pump id=197 custom6=False cu=70738 raw=976 alt=True err={'InstructionError': [2, {'Custom': 6053}]}
  simulate err={'InstructionError': [2, {'Custom': 6053}]} cu=67610 logs=28
    Program ComputeBudget111111111111111111111111111111 invoke [1]
    Program ComputeBudget111111111111111111111111111111 success
    Program ComputeBudget111111111111111111111111111111 invoke [1]
    Program ComputeBudget111111111111111111111111111111 success
    Program CnddPhKV1fnKE7ic5nSJcoVq2XFmQ9daE3tuqc2u6qTt invoke [1]
    Program pAMMBay6oceH9fJKBRHGP5D4bD4sWpmSwMn52FMfXEA invoke [2]
    Program log: Instruction: BuyExactQuoteIn
    Program 11111111111111111111111111111111 invoke [3]
    Program 11111111111111111111111111111111 success
    Program pfeeUxB6jkeY1Hxd7CsFCAjcbHA9rWtchMGdZ6VojVZ invoke [3]
    Program log: Instruction: GetFeesWithQuoteMint
    Program pfeeUxB6jkeY1Hxd7CsFCAjcbHA9rWtchMGdZ6VojVZ consumed 5688 of 351034 compute units
    Program return: pfeeUxB6jkeY1Hxd7CsFCAjcbHA9rWtchMGdZ6VojVZ GQAAAAAAAAAFAAAAAAAAAAAAAAAAAAAA
    Program pfeeUxB6jkeY1Hxd7CsFCAjcbHA9rWtchMGdZ6VojVZ success
    Program TokenkegQfeZyiNwAJbNbGKPFXCWuBvf9Ss623VQ5DA invoke [3]
    Program TokenkegQfeZyiNwAJbNbGKPFXCWuBvf9Ss623VQ5DA consumed 105 of 340547 compute units
    Program TokenkegQfeZyiNwAJbNbGKPFXCWuBvf9Ss623VQ5DA success
    Program TokenkegQfeZyiNwAJbNbGKPFXCWuBvf9Ss623VQ5DA invoke [3]
    Program TokenkegQfeZyiNwAJbNbGKPFXCWuBvf9Ss623VQ5DA consumed 112 of 337938 compute units
    Program TokenkegQfeZyiNwAJbNbGKPFXCWuBvf9Ss623VQ5DA success
    ...
    Program TokenkegQfeZyiNwAJbNbGKPFXCWuBvf9Ss623VQ5DA success
    Program log: AnchorError thrown in programs/pump-amm/src/state/global_config.rs:326. Error Code: BuybackFeeRecipientNotAuthorized. Error Number: 6053. Error Message: Buyback fee re
    Program pAMMBay6oceH9fJKBRHGP5D4bD4sWpmSwMn52FMfXEA consumed 60528 of 392918 compute units
    Program pAMMBay6oceH9fJKBRHGP5D4bD4sWpmSwMn52FMfXEA failed: custom program error: 0x17a5
    Program CnddPhKV1fnKE7ic5nSJcoVq2XFmQ9daE3tuqc2u6qTt consumed 67310 of 399700 compute units
    Program CnddPhKV1fnKE7ic5nSJcoVq2XFmQ9daE3tuqc2u6qTt failed: custom program error: 0x17a5
RECOVER  pump-pump id=203 custom6=False cu=67610 raw=976 alt=True err={'InstructionError': [2, {'Custom': 6053}]}
  simulate err={'InstructionError': [2, {'Custom': 6053}]} cu=67610 logs=28
    Program ComputeBudget111111111111111111111111111111 invoke [1]
    Program ComputeBudget111111111111111111111111111111 success
    Program ComputeBudget111111111111111111111111111111 invoke [1]
    Program ComputeBudget111111111111111111111111111111 success
    Program CnddPhKV1fnKE7ic5nSJcoVq2XFmQ9daE3tuqc2u6qTt invoke [1]
    Program pAMMBay6oceH9fJKBRHGP5D4bD4sWpmSwMn52FMfXEA invoke [2]
    Program log: Instruction: BuyExactQuoteIn
    Program 11111111111111111111111111111111 invoke [3]
    Program 11111111111111111111111111111111 success
    Program pfeeUxB6jkeY1Hxd7CsFCAjcbHA9rWtchMGdZ6VojVZ invoke [3]
    Program log: Instruction: GetFeesWithQuoteMint
    Program pfeeUxB6jkeY1Hxd7CsFCAjcbHA9rWtchMGdZ6VojVZ consumed 5688 of 351034 compute units
    Program return: pfeeUxB6jkeY1Hxd7CsFCAjcbHA9rWtchMGdZ6VojVZ GQAAAAAAAAAFAAAAAAAAAAAAAAAAAAAA
    Program pfeeUxB6jkeY1Hxd7CsFCAjcbHA9rWtchMGdZ6VojVZ success
    Program TokenkegQfeZyiNwAJbNbGKPFXCWuBvf9Ss623VQ5DA invoke [3]
    Program TokenkegQfeZyiNwAJbNbGKPFXCWuBvf9Ss623VQ5DA consumed 105 of 340547 compute units
    Program TokenkegQfeZyiNwAJbNbGKPFXCWuBvf9Ss623VQ5DA success
    Program TokenkegQfeZyiNwAJbNbGKPFXCWuBvf9Ss623VQ5DA invoke [3]
    Program TokenkegQfeZyiNwAJbNbGKPFXCWuBvf9Ss623VQ5DA consumed 112 of 337938 compute units
    Program TokenkegQfeZyiNwAJbNbGKPFXCWuBvf9Ss623VQ5DA success
    ...
    Program TokenkegQfeZyiNwAJbNbGKPFXCWuBvf9Ss623VQ5DA success
    Program log: AnchorError thrown in programs/pump-amm/src/state/global_config.rs:326. Error Code: BuybackFeeRecipientNotAuthorized. Error Number: 6053. Error Message: Buyback fee re
    Program pAMMBay6oceH9fJKBRHGP5D4bD4sWpmSwMn52FMfXEA consumed 60528 of 392918 compute units
    Program pAMMBay6oceH9fJKBRHGP5D4bD4sWpmSwMn52FMfXEA failed: custom program error: 0x17a5
    Program CnddPhKV1fnKE7ic5nSJcoVq2XFmQ9daE3tuqc2u6qTt consumed 67310 of 399700 compute units
    Program CnddPhKV1fnKE7ic5nSJcoVq2XFmQ9daE3tuqc2u6qTt failed: custom program error: 0x17a5
RECOVER  pump-pump id=205 custom6=False cu=67610 raw=976 alt=True err={'InstructionError': [2, {'Custom': 6053}]}
  simulate err={'InstructionError': [2, {'Custom': 6053}]} cu=67598 logs=28
    Program ComputeBudget111111111111111111111111111111 invoke [1]
    Program ComputeBudget111111111111111111111111111111 success
    Program ComputeBudget111111111111111111111111111111 invoke [1]
    Program ComputeBudget111111111111111111111111111111 success
    Program CnddPhKV1fnKE7ic5nSJcoVq2XFmQ9daE3tuqc2u6qTt invoke [1]
    Program pAMMBay6oceH9fJKBRHGP5D4bD4sWpmSwMn52FMfXEA invoke [2]
    Program log: Instruction: BuyExactQuoteIn
    Program 11111111111111111111111111111111 invoke [3]
    Program 11111111111111111111111111111111 success
    Program pfeeUxB6jkeY1Hxd7CsFCAjcbHA9rWtchMGdZ6VojVZ invoke [3]
    Program log: Instruction: GetFeesWithQuoteMint
    Program pfeeUxB6jkeY1Hxd7CsFCAjcbHA9rWtchMGdZ6VojVZ consumed 5688 of 351039 compute units
    Program return: pfeeUxB6jkeY1Hxd7CsFCAjcbHA9rWtchMGdZ6VojVZ GQAAAAAAAAAFAAAAAAAAAAAAAAAAAAAA
    Program pfeeUxB6jkeY1Hxd7CsFCAjcbHA9rWtchMGdZ6VojVZ success
    Program TokenkegQfeZyiNwAJbNbGKPFXCWuBvf9Ss623VQ5DA invoke [3]
    Program TokenkegQfeZyiNwAJbNbGKPFXCWuBvf9Ss623VQ5DA consumed 105 of 340559 compute units
    Program TokenkegQfeZyiNwAJbNbGKPFXCWuBvf9Ss623VQ5DA success
    Program TokenkegQfeZyiNwAJbNbGKPFXCWuBvf9Ss623VQ5DA invoke [3]
    Program TokenkegQfeZyiNwAJbNbGKPFXCWuBvf9Ss623VQ5DA consumed 112 of 337950 compute units
    Program TokenkegQfeZyiNwAJbNbGKPFXCWuBvf9Ss623VQ5DA success
    ...
    Program TokenkegQfeZyiNwAJbNbGKPFXCWuBvf9Ss623VQ5DA success
    Program log: AnchorError thrown in programs/pump-amm/src/state/global_config.rs:326. Error Code: BuybackFeeRecipientNotAuthorized. Error Number: 6053. Error Message: Buyback fee re
    Program pAMMBay6oceH9fJKBRHGP5D4bD4sWpmSwMn52FMfXEA consumed 60516 of 392918 compute units
    Program pAMMBay6oceH9fJKBRHGP5D4bD4sWpmSwMn52FMfXEA failed: custom program error: 0x17a5
    Program CnddPhKV1fnKE7ic5nSJcoVq2XFmQ9daE3tuqc2u6qTt consumed 67298 of 399700 compute units
    Program CnddPhKV1fnKE7ic5nSJcoVq2XFmQ9daE3tuqc2u6qTt failed: custom program error: 0x17a5
RECOVER  pump-pump id=210 custom6=False cu=67598 raw=976 alt=True err={'InstructionError': [2, {'Custom': 6053}]}
  simulate err={'InstructionError': [2, {'Custom': 6053}]} cu=67585 logs=28
    Program ComputeBudget111111111111111111111111111111 invoke [1]
    Program ComputeBudget111111111111111111111111111111 success
    Program ComputeBudget111111111111111111111111111111 invoke [1]
    Program ComputeBudget111111111111111111111111111111 success
    Program CnddPhKV1fnKE7ic5nSJcoVq2XFmQ9daE3tuqc2u6qTt invoke [1]
    Program pAMMBay6oceH9fJKBRHGP5D4bD4sWpmSwMn52FMfXEA invoke [2]
    Program log: Instruction: BuyExactQuoteIn
    Program 11111111111111111111111111111111 invoke [3]
    Program 11111111111111111111111111111111 success
    Program pfeeUxB6jkeY1Hxd7CsFCAjcbHA9rWtchMGdZ6VojVZ invoke [3]
    Program log: Instruction: GetFeesWithQuoteMint
    Program pfeeUxB6jkeY1Hxd7CsFCAjcbHA9rWtchMGdZ6VojVZ consumed 5688 of 351052 compute units
    Program return: pfeeUxB6jkeY1Hxd7CsFCAjcbHA9rWtchMGdZ6VojVZ GQAAAAAAAAAFAAAAAAAAAAAAAAAAAAAA
    Program pfeeUxB6jkeY1Hxd7CsFCAjcbHA9rWtchMGdZ6VojVZ success
    Program TokenkegQfeZyiNwAJbNbGKPFXCWuBvf9Ss623VQ5DA invoke [3]
    Program TokenkegQfeZyiNwAJbNbGKPFXCWuBvf9Ss623VQ5DA consumed 105 of 340572 compute units
    Program TokenkegQfeZyiNwAJbNbGKPFXCWuBvf9Ss623VQ5DA success
    Program TokenkegQfeZyiNwAJbNbGKPFXCWuBvf9Ss623VQ5DA invoke [3]
    Program TokenkegQfeZyiNwAJbNbGKPFXCWuBvf9Ss623VQ5DA consumed 112 of 337963 compute units
    Program TokenkegQfeZyiNwAJbNbGKPFXCWuBvf9Ss623VQ5DA success
    ...
    Program TokenkegQfeZyiNwAJbNbGKPFXCWuBvf9Ss623VQ5DA success
    Program log: AnchorError thrown in programs/pump-amm/src/state/global_config.rs:326. Error Code: BuybackFeeRecipientNotAuthorized. Error Number: 6053. Error Message: Buyback fee re
    Program pAMMBay6oceH9fJKBRHGP5D4bD4sWpmSwMn52FMfXEA consumed 60503 of 392918 compute units
    Program pAMMBay6oceH9fJKBRHGP5D4bD4sWpmSwMn52FMfXEA failed: custom program error: 0x17a5
    Program CnddPhKV1fnKE7ic5nSJcoVq2XFmQ9daE3tuqc2u6qTt consumed 67285 of 399700 compute units
    Program CnddPhKV1fnKE7ic5nSJcoVq2XFmQ9daE3tuqc2u6qTt failed: custom program error: 0x17a5
RECOVER  pump-pump id=216 custom6=False cu=67585 raw=976 alt=True err={'InstructionError': [2, {'Custom': 6053}]}
  simulate err={'InstructionError': [2, {'Custom': 6053}]} cu=72090 logs=28
    Program ComputeBudget111111111111111111111111111111 invoke [1]
    Program ComputeBudget111111111111111111111111111111 success
    Program ComputeBudget111111111111111111111111111111 invoke [1]
    Program ComputeBudget111111111111111111111111111111 success
    Program CnddPhKV1fnKE7ic5nSJcoVq2XFmQ9daE3tuqc2u6qTt invoke [1]
    Program pAMMBay6oceH9fJKBRHGP5D4bD4sWpmSwMn52FMfXEA invoke [2]
    Program log: Instruction: BuyExactQuoteIn
    Program 11111111111111111111111111111111 invoke [3]
    Program 11111111111111111111111111111111 success
    Program pfeeUxB6jkeY1Hxd7CsFCAjcbHA9rWtchMGdZ6VojVZ invoke [3]
    Program log: Instruction: GetFeesWithQuoteMint
    Program pfeeUxB6jkeY1Hxd7CsFCAjcbHA9rWtchMGdZ6VojVZ consumed 5688 of 346547 compute units
    Program return: pfeeUxB6jkeY1Hxd7CsFCAjcbHA9rWtchMGdZ6VojVZ GQAAAAAAAAAFAAAAAAAAAAAAAAAAAAAA
    Program pfeeUxB6jkeY1Hxd7CsFCAjcbHA9rWtchMGdZ6VojVZ success
    Program TokenkegQfeZyiNwAJbNbGKPFXCWuBvf9Ss623VQ5DA invoke [3]
    Program TokenkegQfeZyiNwAJbNbGKPFXCWuBvf9Ss623VQ5DA consumed 105 of 336067 compute units
    Program TokenkegQfeZyiNwAJbNbGKPFXCWuBvf9Ss623VQ5DA success
    Program TokenkegQfeZyiNwAJbNbGKPFXCWuBvf9Ss623VQ5DA invoke [3]
    Program TokenkegQfeZyiNwAJbNbGKPFXCWuBvf9Ss623VQ5DA consumed 112 of 333458 compute units
    Program TokenkegQfeZyiNwAJbNbGKPFXCWuBvf9Ss623VQ5DA success
    ...
    Program TokenkegQfeZyiNwAJbNbGKPFXCWuBvf9Ss623VQ5DA success
    Program log: AnchorError thrown in programs/pump-amm/src/state/global_config.rs:326. Error Code: BuybackFeeRecipientNotAuthorized. Error Number: 6053. Error Message: Buyback fee re
    Program pAMMBay6oceH9fJKBRHGP5D4bD4sWpmSwMn52FMfXEA consumed 65008 of 392918 compute units
    Program pAMMBay6oceH9fJKBRHGP5D4bD4sWpmSwMn52FMfXEA failed: custom program error: 0x17a5
    Program CnddPhKV1fnKE7ic5nSJcoVq2XFmQ9daE3tuqc2u6qTt consumed 71790 of 399700 compute units
    Program CnddPhKV1fnKE7ic5nSJcoVq2XFmQ9daE3tuqc2u6qTt failed: custom program error: 0x17a5
RECOVER  pump-pump id=221 custom6=False cu=72090 raw=976 alt=True err={'InstructionError': [2, {'Custom': 6053}]}
  simulate err={'InstructionError': [2, {'Custom': 6053}]} cu=72090 logs=28
    Program ComputeBudget111111111111111111111111111111 invoke [1]
    Program ComputeBudget111111111111111111111111111111 success
    Program ComputeBudget111111111111111111111111111111 invoke [1]
    Program ComputeBudget111111111111111111111111111111 success
    Program CnddPhKV1fnKE7ic5nSJcoVq2XFmQ9daE3tuqc2u6qTt invoke [1]
    Program pAMMBay6oceH9fJKBRHGP5D4bD4sWpmSwMn52FMfXEA invoke [2]
    Program log: Instruction: BuyExactQuoteIn
    Program 11111111111111111111111111111111 invoke [3]
    Program 11111111111111111111111111111111 success
    Program pfeeUxB6jkeY1Hxd7CsFCAjcbHA9rWtchMGdZ6VojVZ invoke [3]
    Program log: Instruction: GetFeesWithQuoteMint
    Program pfeeUxB6jkeY1Hxd7CsFCAjcbHA9rWtchMGdZ6VojVZ consumed 5688 of 346547 compute units
    Program return: pfeeUxB6jkeY1Hxd7CsFCAjcbHA9rWtchMGdZ6VojVZ GQAAAAAAAAAFAAAAAAAAAAAAAAAAAAAA
    Program pfeeUxB6jkeY1Hxd7CsFCAjcbHA9rWtchMGdZ6VojVZ success
    Program TokenkegQfeZyiNwAJbNbGKPFXCWuBvf9Ss623VQ5DA invoke [3]
    Program TokenkegQfeZyiNwAJbNbGKPFXCWuBvf9Ss623VQ5DA consumed 105 of 336067 compute units
    Program TokenkegQfeZyiNwAJbNbGKPFXCWuBvf9Ss623VQ5DA success
    Program TokenkegQfeZyiNwAJbNbGKPFXCWuBvf9Ss623VQ5DA invoke [3]
    Program TokenkegQfeZyiNwAJbNbGKPFXCWuBvf9Ss623VQ5DA consumed 112 of 333458 compute units
    Program TokenkegQfeZyiNwAJbNbGKPFXCWuBvf9Ss623VQ5DA success
    ...
    Program TokenkegQfeZyiNwAJbNbGKPFXCWuBvf9Ss623VQ5DA success
    Program log: AnchorError thrown in programs/pump-amm/src/state/global_config.rs:326. Error Code: BuybackFeeRecipientNotAuthorized. Error Number: 6053. Error Message: Buyback fee re
    Program pAMMBay6oceH9fJKBRHGP5D4bD4sWpmSwMn52FMfXEA consumed 65008 of 392918 compute units
    Program pAMMBay6oceH9fJKBRHGP5D4bD4sWpmSwMn52FMfXEA failed: custom program error: 0x17a5
    Program CnddPhKV1fnKE7ic5nSJcoVq2XFmQ9daE3tuqc2u6qTt consumed 71790 of 399700 compute units
    Program CnddPhKV1fnKE7ic5nSJcoVq2XFmQ9daE3tuqc2u6qTt failed: custom program error: 0x17a5
RECOVER  pump-pump id=225 custom6=False cu=72090 raw=976 alt=True err={'InstructionError': [2, {'Custom': 6053}]}
  simulate err={'InstructionError': [2, {'Custom': 6053}]} cu=67585 logs=28
    Program ComputeBudget111111111111111111111111111111 invoke [1]
    Program ComputeBudget111111111111111111111111111111 success
    Program ComputeBudget111111111111111111111111111111 invoke [1]
    Program ComputeBudget111111111111111111111111111111 success
    Program CnddPhKV1fnKE7ic5nSJcoVq2XFmQ9daE3tuqc2u6qTt invoke [1]
    Program pAMMBay6oceH9fJKBRHGP5D4bD4sWpmSwMn52FMfXEA invoke [2]
    Program log: Instruction: BuyExactQuoteIn
    Program 11111111111111111111111111111111 invoke [3]
    Program 11111111111111111111111111111111 success
    Program pfeeUxB6jkeY1Hxd7CsFCAjcbHA9rWtchMGdZ6VojVZ invoke [3]
    Program log: Instruction: GetFeesWithQuoteMint
    Program pfeeUxB6jkeY1Hxd7CsFCAjcbHA9rWtchMGdZ6VojVZ consumed 5688 of 351052 compute units
    Program return: pfeeUxB6jkeY1Hxd7CsFCAjcbHA9rWtchMGdZ6VojVZ GQAAAAAAAAAFAAAAAAAAAAAAAAAAAAAA
    Program pfeeUxB6jkeY1Hxd7CsFCAjcbHA9rWtchMGdZ6VojVZ success
    Program TokenkegQfeZyiNwAJbNbGKPFXCWuBvf9Ss623VQ5DA invoke [3]
    Program TokenkegQfeZyiNwAJbNbGKPFXCWuBvf9Ss623VQ5DA consumed 105 of 340572 compute units
    Program TokenkegQfeZyiNwAJbNbGKPFXCWuBvf9Ss623VQ5DA success
    Program TokenkegQfeZyiNwAJbNbGKPFXCWuBvf9Ss623VQ5DA invoke [3]
    Program TokenkegQfeZyiNwAJbNbGKPFXCWuBvf9Ss623VQ5DA consumed 112 of 337963 compute units
    Program TokenkegQfeZyiNwAJbNbGKPFXCWuBvf9Ss623VQ5DA success
    ...
    Program TokenkegQfeZyiNwAJbNbGKPFXCWuBvf9Ss623VQ5DA success
    Program log: AnchorError thrown in programs/pump-amm/src/state/global_config.rs:326. Error Code: BuybackFeeRecipientNotAuthorized. Error Number: 6053. Error Message: Buyback fee re
    Program pAMMBay6oceH9fJKBRHGP5D4bD4sWpmSwMn52FMfXEA consumed 60503 of 392918 compute units
    Program pAMMBay6oceH9fJKBRHGP5D4bD4sWpmSwMn52FMfXEA failed: custom program error: 0x17a5
    Program CnddPhKV1fnKE7ic5nSJcoVq2XFmQ9daE3tuqc2u6qTt consumed 67285 of 399700 compute units
    Program CnddPhKV1fnKE7ic5nSJcoVq2XFmQ9daE3tuqc2u6qTt failed: custom program error: 0x17a5
RECOVER  pump-pump id=231 custom6=False cu=67585 raw=976 alt=True err={'InstructionError': [2, {'Custom': 6053}]}
  simulate err={'InstructionError': [2, {'Custom': 6053}]} cu=67585 logs=28
    Program ComputeBudget111111111111111111111111111111 invoke [1]
    Program ComputeBudget111111111111111111111111111111 success
    Program ComputeBudget111111111111111111111111111111 invoke [1]
    Program ComputeBudget111111111111111111111111111111 success
    Program CnddPhKV1fnKE7ic5nSJcoVq2XFmQ9daE3tuqc2u6qTt invoke [1]
    Program pAMMBay6oceH9fJKBRHGP5D4bD4sWpmSwMn52FMfXEA invoke [2]
    Program log: Instruction: BuyExactQuoteIn
    Program 11111111111111111111111111111111 invoke [3]
    Program 11111111111111111111111111111111 success
    Program pfeeUxB6jkeY1Hxd7CsFCAjcbHA9rWtchMGdZ6VojVZ invoke [3]
    Program log: Instruction: GetFeesWithQuoteMint
    Program pfeeUxB6jkeY1Hxd7CsFCAjcbHA9rWtchMGdZ6VojVZ consumed 5688 of 351052 compute units
    Program return: pfeeUxB6jkeY1Hxd7CsFCAjcbHA9rWtchMGdZ6VojVZ GQAAAAAAAAAFAAAAAAAAAAAAAAAAAAAA
    Program pfeeUxB6jkeY1Hxd7CsFCAjcbHA9rWtchMGdZ6VojVZ success
    Program TokenkegQfeZyiNwAJbNbGKPFXCWuBvf9Ss623VQ5DA invoke [3]
    Program TokenkegQfeZyiNwAJbNbGKPFXCWuBvf9Ss623VQ5DA consumed 105 of 340572 compute units
    Program TokenkegQfeZyiNwAJbNbGKPFXCWuBvf9Ss623VQ5DA success
    Program TokenkegQfeZyiNwAJbNbGKPFXCWuBvf9Ss623VQ5DA invoke [3]
    Program TokenkegQfeZyiNwAJbNbGKPFXCWuBvf9Ss623VQ5DA consumed 112 of 337963 compute units
    Program TokenkegQfeZyiNwAJbNbGKPFXCWuBvf9Ss623VQ5DA success
    ...
    Program TokenkegQfeZyiNwAJbNbGKPFXCWuBvf9Ss623VQ5DA success
    Program log: AnchorError thrown in programs/pump-amm/src/state/global_config.rs:326. Error Code: BuybackFeeRecipientNotAuthorized. Error Number: 6053. Error Message: Buyback fee re
    Program pAMMBay6oceH9fJKBRHGP5D4bD4sWpmSwMn52FMfXEA consumed 60503 of 392918 compute units
    Program pAMMBay6oceH9fJKBRHGP5D4bD4sWpmSwMn52FMfXEA failed: custom program error: 0x17a5
    Program CnddPhKV1fnKE7ic5nSJcoVq2XFmQ9daE3tuqc2u6qTt consumed 67285 of 399700 compute units
    Program CnddPhKV1fnKE7ic5nSJcoVq2XFmQ9daE3tuqc2u6qTt failed: custom program error: 0x17a5
RECOVER  pump-pump id=233 custom6=False cu=67585 raw=976 alt=True err={'InstructionError': [2, {'Custom': 6053}]}
  simulate err={'InstructionError': [2, {'Custom': 6053}]} cu=69085 logs=28
    Program ComputeBudget111111111111111111111111111111 invoke [1]
    Program ComputeBudget111111111111111111111111111111 success
    Program ComputeBudget111111111111111111111111111111 invoke [1]
    Program ComputeBudget111111111111111111111111111111 success
    Program CnddPhKV1fnKE7ic5nSJcoVq2XFmQ9daE3tuqc2u6qTt invoke [1]
    Program pAMMBay6oceH9fJKBRHGP5D4bD4sWpmSwMn52FMfXEA invoke [2]
    Program log: Instruction: BuyExactQuoteIn
    Program 11111111111111111111111111111111 invoke [3]
    Program 11111111111111111111111111111111 success
    Program pfeeUxB6jkeY1Hxd7CsFCAjcbHA9rWtchMGdZ6VojVZ invoke [3]
    Program log: Instruction: GetFeesWithQuoteMint
    Program pfeeUxB6jkeY1Hxd7CsFCAjcbHA9rWtchMGdZ6VojVZ consumed 5688 of 349552 compute units
    Program return: pfeeUxB6jkeY1Hxd7CsFCAjcbHA9rWtchMGdZ6VojVZ GQAAAAAAAAAFAAAAAAAAAAAAAAAAAAAA
    Program pfeeUxB6jkeY1Hxd7CsFCAjcbHA9rWtchMGdZ6VojVZ success
    Program TokenkegQfeZyiNwAJbNbGKPFXCWuBvf9Ss623VQ5DA invoke [3]
    Program TokenkegQfeZyiNwAJbNbGKPFXCWuBvf9Ss623VQ5DA consumed 105 of 339072 compute units
    Program TokenkegQfeZyiNwAJbNbGKPFXCWuBvf9Ss623VQ5DA success
    Program TokenkegQfeZyiNwAJbNbGKPFXCWuBvf9Ss623VQ5DA invoke [3]
    Program TokenkegQfeZyiNwAJbNbGKPFXCWuBvf9Ss623VQ5DA consumed 112 of 336463 compute units
    Program TokenkegQfeZyiNwAJbNbGKPFXCWuBvf9Ss623VQ5DA success
    ...
    Program TokenkegQfeZyiNwAJbNbGKPFXCWuBvf9Ss623VQ5DA success
    Program log: AnchorError thrown in programs/pump-amm/src/state/global_config.rs:326. Error Code: BuybackFeeRecipientNotAuthorized. Error Number: 6053. Error Message: Buyback fee re
    Program pAMMBay6oceH9fJKBRHGP5D4bD4sWpmSwMn52FMfXEA consumed 62003 of 392918 compute units
    Program pAMMBay6oceH9fJKBRHGP5D4bD4sWpmSwMn52FMfXEA failed: custom program error: 0x17a5
    Program CnddPhKV1fnKE7ic5nSJcoVq2XFmQ9daE3tuqc2u6qTt consumed 68785 of 399700 compute units
    Program CnddPhKV1fnKE7ic5nSJcoVq2XFmQ9daE3tuqc2u6qTt failed: custom program error: 0x17a5
RECOVER  pump-pump id=237 custom6=False cu=69085 raw=976 alt=True err={'InstructionError': [2, {'Custom': 6053}]}
  simulate err={'InstructionError': [2, {'Custom': 6053}]} cu=69085 logs=28
    Program ComputeBudget111111111111111111111111111111 invoke [1]
    Program ComputeBudget111111111111111111111111111111 success
    Program ComputeBudget111111111111111111111111111111 invoke [1]
    Program ComputeBudget111111111111111111111111111111 success
    Program CnddPhKV1fnKE7ic5nSJcoVq2XFmQ9daE3tuqc2u6qTt invoke [1]
    Program pAMMBay6oceH9fJKBRHGP5D4bD4sWpmSwMn52FMfXEA invoke [2]
    Program log: Instruction: BuyExactQuoteIn
    Program 11111111111111111111111111111111 invoke [3]
    Program 11111111111111111111111111111111 success
    Program pfeeUxB6jkeY1Hxd7CsFCAjcbHA9rWtchMGdZ6VojVZ invoke [3]
    Program log: Instruction: GetFeesWithQuoteMint
    Program pfeeUxB6jkeY1Hxd7CsFCAjcbHA9rWtchMGdZ6VojVZ consumed 5688 of 349552 compute units
    Program return: pfeeUxB6jkeY1Hxd7CsFCAjcbHA9rWtchMGdZ6VojVZ GQAAAAAAAAAFAAAAAAAAAAAAAAAAAAAA
    Program pfeeUxB6jkeY1Hxd7CsFCAjcbHA9rWtchMGdZ6VojVZ success
    Program TokenkegQfeZyiNwAJbNbGKPFXCWuBvf9Ss623VQ5DA invoke [3]
    Program TokenkegQfeZyiNwAJbNbGKPFXCWuBvf9Ss623VQ5DA consumed 105 of 339072 compute units
    Program TokenkegQfeZyiNwAJbNbGKPFXCWuBvf9Ss623VQ5DA success
    Program TokenkegQfeZyiNwAJbNbGKPFXCWuBvf9Ss623VQ5DA invoke [3]
    Program TokenkegQfeZyiNwAJbNbGKPFXCWuBvf9Ss623VQ5DA consumed 112 of 336463 compute units
    Program TokenkegQfeZyiNwAJbNbGKPFXCWuBvf9Ss623VQ5DA success
    ...
    Program TokenkegQfeZyiNwAJbNbGKPFXCWuBvf9Ss623VQ5DA success
    Program log: AnchorError thrown in programs/pump-amm/src/state/global_config.rs:326. Error Code: BuybackFeeRecipientNotAuthorized. Error Number: 6053. Error Message: Buyback fee re
    Program pAMMBay6oceH9fJKBRHGP5D4bD4sWpmSwMn52FMfXEA consumed 62003 of 392918 compute units
    Program pAMMBay6oceH9fJKBRHGP5D4bD4sWpmSwMn52FMfXEA failed: custom program error: 0x17a5
    Program CnddPhKV1fnKE7ic5nSJcoVq2XFmQ9daE3tuqc2u6qTt consumed 68785 of 399700 compute units
    Program CnddPhKV1fnKE7ic5nSJcoVq2XFmQ9daE3tuqc2u6qTt failed: custom program error: 0x17a5
RECOVER  pump-pump id=239 custom6=False cu=69085 raw=976 alt=True err={'InstructionError': [2, {'Custom': 6053}]}
  simulate err={'InstructionError': [2, {'Custom': 6053}]} cu=69085 logs=28
    Program ComputeBudget111111111111111111111111111111 invoke [1]
    Program ComputeBudget111111111111111111111111111111 success
    Program ComputeBudget111111111111111111111111111111 invoke [1]
    Program ComputeBudget111111111111111111111111111111 success
    Program CnddPhKV1fnKE7ic5nSJcoVq2XFmQ9daE3tuqc2u6qTt invoke [1]
    Program pAMMBay6oceH9fJKBRHGP5D4bD4sWpmSwMn52FMfXEA invoke [2]
    Program log: Instruction: BuyExactQuoteIn
    Program 11111111111111111111111111111111 invoke [3]
    Program 11111111111111111111111111111111 success
    Program pfeeUxB6jkeY1Hxd7CsFCAjcbHA9rWtchMGdZ6VojVZ invoke [3]
    Program log: Instruction: GetFeesWithQuoteMint
    Program pfeeUxB6jkeY1Hxd7CsFCAjcbHA9rWtchMGdZ6VojVZ consumed 5688 of 349552 compute units
    Program return: pfeeUxB6jkeY1Hxd7CsFCAjcbHA9rWtchMGdZ6VojVZ GQAAAAAAAAAFAAAAAAAAAAAAAAAAAAAA
    Program pfeeUxB6jkeY1Hxd7CsFCAjcbHA9rWtchMGdZ6VojVZ success
    Program TokenkegQfeZyiNwAJbNbGKPFXCWuBvf9Ss623VQ5DA invoke [3]
    Program TokenkegQfeZyiNwAJbNbGKPFXCWuBvf9Ss623VQ5DA consumed 105 of 339072 compute units
    Program TokenkegQfeZyiNwAJbNbGKPFXCWuBvf9Ss623VQ5DA success
    Program TokenkegQfeZyiNwAJbNbGKPFXCWuBvf9Ss623VQ5DA invoke [3]
    Program TokenkegQfeZyiNwAJbNbGKPFXCWuBvf9Ss623VQ5DA consumed 112 of 336463 compute units
    Program TokenkegQfeZyiNwAJbNbGKPFXCWuBvf9Ss623VQ5DA success
    ...
    Program TokenkegQfeZyiNwAJbNbGKPFXCWuBvf9Ss623VQ5DA success
    Program log: AnchorError thrown in programs/pump-amm/src/state/global_config.rs:326. Error Code: BuybackFeeRecipientNotAuthorized. Error Number: 6053. Error Message: Buyback fee re
    Program pAMMBay6oceH9fJKBRHGP5D4bD4sWpmSwMn52FMfXEA consumed 62003 of 392918 compute units
    Program pAMMBay6oceH9fJKBRHGP5D4bD4sWpmSwMn52FMfXEA failed: custom program error: 0x17a5
    Program CnddPhKV1fnKE7ic5nSJcoVq2XFmQ9daE3tuqc2u6qTt consumed 68785 of 399700 compute units
    Program CnddPhKV1fnKE7ic5nSJcoVq2XFmQ9daE3tuqc2u6qTt failed: custom program error: 0x17a5
RECOVER  pump-pump id=242 custom6=False cu=69085 raw=976 alt=True err={'InstructionError': [2, {'Custom': 6053}]}
  simulate err={'InstructionError': [2, {'Custom': 6053}]} cu=69085 logs=28
    Program ComputeBudget111111111111111111111111111111 invoke [1]
    Program ComputeBudget111111111111111111111111111111 success
    Program ComputeBudget111111111111111111111111111111 invoke [1]
    Program ComputeBudget111111111111111111111111111111 success
    Program CnddPhKV1fnKE7ic5nSJcoVq2XFmQ9daE3tuqc2u6qTt invoke [1]
    Program pAMMBay6oceH9fJKBRHGP5D4bD4sWpmSwMn52FMfXEA invoke [2]
    Program log: Instruction: BuyExactQuoteIn
    Program 11111111111111111111111111111111 invoke [3]
    Program 11111111111111111111111111111111 success
    Program pfeeUxB6jkeY1Hxd7CsFCAjcbHA9rWtchMGdZ6VojVZ invoke [3]
    Program log: Instruction: GetFeesWithQuoteMint
    Program pfeeUxB6jkeY1Hxd7CsFCAjcbHA9rWtchMGdZ6VojVZ consumed 5688 of 349552 compute units
    Program return: pfeeUxB6jkeY1Hxd7CsFCAjcbHA9rWtchMGdZ6VojVZ GQAAAAAAAAAFAAAAAAAAAAAAAAAAAAAA
    Program pfeeUxB6jkeY1Hxd7CsFCAjcbHA9rWtchMGdZ6VojVZ success
    Program TokenkegQfeZyiNwAJbNbGKPFXCWuBvf9Ss623VQ5DA invoke [3]
    Program TokenkegQfeZyiNwAJbNbGKPFXCWuBvf9Ss623VQ5DA consumed 105 of 339072 compute units
    Program TokenkegQfeZyiNwAJbNbGKPFXCWuBvf9Ss623VQ5DA success
    Program TokenkegQfeZyiNwAJbNbGKPFXCWuBvf9Ss623VQ5DA invoke [3]
    Program TokenkegQfeZyiNwAJbNbGKPFXCWuBvf9Ss623VQ5DA consumed 112 of 336463 compute units
    Program TokenkegQfeZyiNwAJbNbGKPFXCWuBvf9Ss623VQ5DA success
    ...
    Program TokenkegQfeZyiNwAJbNbGKPFXCWuBvf9Ss623VQ5DA success
    Program log: AnchorError thrown in programs/pump-amm/src/state/global_config.rs:326. Error Code: BuybackFeeRecipientNotAuthorized. Error Number: 6053. Error Message: Buyback fee re
    Program pAMMBay6oceH9fJKBRHGP5D4bD4sWpmSwMn52FMfXEA consumed 62003 of 392918 compute units
    Program pAMMBay6oceH9fJKBRHGP5D4bD4sWpmSwMn52FMfXEA failed: custom program error: 0x17a5
    Program CnddPhKV1fnKE7ic5nSJcoVq2XFmQ9daE3tuqc2u6qTt consumed 68785 of 399700 compute units
    Program CnddPhKV1fnKE7ic5nSJcoVq2XFmQ9daE3tuqc2u6qTt failed: custom program error: 0x17a5
RECOVER  pump-pump id=244 custom6=False cu=69085 raw=976 alt=True err={'InstructionError': [2, {'Custom': 6053}]}
  simulate err={'InstructionError': [2, {'Custom': 6053}]} cu=69085 logs=28
    Program ComputeBudget111111111111111111111111111111 invoke [1]
    Program ComputeBudget111111111111111111111111111111 success
    Program ComputeBudget111111111111111111111111111111 invoke [1]
    Program ComputeBudget111111111111111111111111111111 success
    Program CnddPhKV1fnKE7ic5nSJcoVq2XFmQ9daE3tuqc2u6qTt invoke [1]
    Program pAMMBay6oceH9fJKBRHGP5D4bD4sWpmSwMn52FMfXEA invoke [2]
    Program log: Instruction: BuyExactQuoteIn
    Program 11111111111111111111111111111111 invoke [3]
    Program 11111111111111111111111111111111 success
    Program pfeeUxB6jkeY1Hxd7CsFCAjcbHA9rWtchMGdZ6VojVZ invoke [3]
    Program log: Instruction: GetFeesWithQuoteMint
    Program pfeeUxB6jkeY1Hxd7CsFCAjcbHA9rWtchMGdZ6VojVZ consumed 5688 of 349552 compute units
    Program return: pfeeUxB6jkeY1Hxd7CsFCAjcbHA9rWtchMGdZ6VojVZ GQAAAAAAAAAFAAAAAAAAAAAAAAAAAAAA
    Program pfeeUxB6jkeY1Hxd7CsFCAjcbHA9rWtchMGdZ6VojVZ success
    Program TokenkegQfeZyiNwAJbNbGKPFXCWuBvf9Ss623VQ5DA invoke [3]
    Program TokenkegQfeZyiNwAJbNbGKPFXCWuBvf9Ss623VQ5DA consumed 105 of 339072 compute units
    Program TokenkegQfeZyiNwAJbNbGKPFXCWuBvf9Ss623VQ5DA success
    Program TokenkegQfeZyiNwAJbNbGKPFXCWuBvf9Ss623VQ5DA invoke [3]
    Program TokenkegQfeZyiNwAJbNbGKPFXCWuBvf9Ss623VQ5DA consumed 112 of 336463 compute units
    Program TokenkegQfeZyiNwAJbNbGKPFXCWuBvf9Ss623VQ5DA success
    ...
    Program TokenkegQfeZyiNwAJbNbGKPFXCWuBvf9Ss623VQ5DA success
    Program log: AnchorError thrown in programs/pump-amm/src/state/global_config.rs:326. Error Code: BuybackFeeRecipientNotAuthorized. Error Number: 6053. Error Message: Buyback fee re
    Program pAMMBay6oceH9fJKBRHGP5D4bD4sWpmSwMn52FMfXEA consumed 62003 of 392918 compute units
    Program pAMMBay6oceH9fJKBRHGP5D4bD4sWpmSwMn52FMfXEA failed: custom program error: 0x17a5
    Program CnddPhKV1fnKE7ic5nSJcoVq2XFmQ9daE3tuqc2u6qTt consumed 68785 of 399700 compute units
    Program CnddPhKV1fnKE7ic5nSJcoVq2XFmQ9daE3tuqc2u6qTt failed: custom program error: 0x17a5
RECOVER  pump-pump id=247 custom6=False cu=69085 raw=976 alt=True err={'InstructionError': [2, {'Custom': 6053}]}
  simulate err={'InstructionError': [2, {'Custom': 6053}]} cu=69098 logs=28
    Program ComputeBudget111111111111111111111111111111 invoke [1]
    Program ComputeBudget111111111111111111111111111111 success
    Program ComputeBudget111111111111111111111111111111 invoke [1]
    Program ComputeBudget111111111111111111111111111111 success
    Program CnddPhKV1fnKE7ic5nSJcoVq2XFmQ9daE3tuqc2u6qTt invoke [1]
    Program pAMMBay6oceH9fJKBRHGP5D4bD4sWpmSwMn52FMfXEA invoke [2]
    Program log: Instruction: BuyExactQuoteIn
    Program 11111111111111111111111111111111 invoke [3]
    Program 11111111111111111111111111111111 success
    Program pfeeUxB6jkeY1Hxd7CsFCAjcbHA9rWtchMGdZ6VojVZ invoke [3]
    Program log: Instruction: GetFeesWithQuoteMint
    Program pfeeUxB6jkeY1Hxd7CsFCAjcbHA9rWtchMGdZ6VojVZ consumed 5688 of 349539 compute units
    Program return: pfeeUxB6jkeY1Hxd7CsFCAjcbHA9rWtchMGdZ6VojVZ GQAAAAAAAAAFAAAAAAAAAAAAAAAAAAAA
    Program pfeeUxB6jkeY1Hxd7CsFCAjcbHA9rWtchMGdZ6VojVZ success
    Program TokenkegQfeZyiNwAJbNbGKPFXCWuBvf9Ss623VQ5DA invoke [3]
    Program TokenkegQfeZyiNwAJbNbGKPFXCWuBvf9Ss623VQ5DA consumed 105 of 339059 compute units
    Program TokenkegQfeZyiNwAJbNbGKPFXCWuBvf9Ss623VQ5DA success
    Program TokenkegQfeZyiNwAJbNbGKPFXCWuBvf9Ss623VQ5DA invoke [3]
    Program TokenkegQfeZyiNwAJbNbGKPFXCWuBvf9Ss623VQ5DA consumed 112 of 336450 compute units
    Program TokenkegQfeZyiNwAJbNbGKPFXCWuBvf9Ss623VQ5DA success
    ...
    Program TokenkegQfeZyiNwAJbNbGKPFXCWuBvf9Ss623VQ5DA success
    Program log: AnchorError thrown in programs/pump-amm/src/state/global_config.rs:326. Error Code: BuybackFeeRecipientNotAuthorized. Error Number: 6053. Error Message: Buyback fee re
    Program pAMMBay6oceH9fJKBRHGP5D4bD4sWpmSwMn52FMfXEA consumed 62016 of 392918 compute units
    Program pAMMBay6oceH9fJKBRHGP5D4bD4sWpmSwMn52FMfXEA failed: custom program error: 0x17a5
    Program CnddPhKV1fnKE7ic5nSJcoVq2XFmQ9daE3tuqc2u6qTt consumed 68798 of 399700 compute units
    Program CnddPhKV1fnKE7ic5nSJcoVq2XFmQ9daE3tuqc2u6qTt failed: custom program error: 0x17a5
RECOVER  pump-pump id=250 custom6=False cu=69098 raw=976 alt=True err={'InstructionError': [2, {'Custom': 6053}]}
  simulate err={'InstructionError': [2, {'Custom': 6053}]} cu=70585 logs=28
    Program ComputeBudget111111111111111111111111111111 invoke [1]
    Program ComputeBudget111111111111111111111111111111 success
    Program ComputeBudget111111111111111111111111111111 invoke [1]
    Program ComputeBudget111111111111111111111111111111 success
    Program CnddPhKV1fnKE7ic5nSJcoVq2XFmQ9daE3tuqc2u6qTt invoke [1]
    Program pAMMBay6oceH9fJKBRHGP5D4bD4sWpmSwMn52FMfXEA invoke [2]
    Program log: Instruction: BuyExactQuoteIn
    Program 11111111111111111111111111111111 invoke [3]
    Program 11111111111111111111111111111111 success
    Program pfeeUxB6jkeY1Hxd7CsFCAjcbHA9rWtchMGdZ6VojVZ invoke [3]
    Program log: Instruction: GetFeesWithQuoteMint
    Program pfeeUxB6jkeY1Hxd7CsFCAjcbHA9rWtchMGdZ6VojVZ consumed 5688 of 348052 compute units
    Program return: pfeeUxB6jkeY1Hxd7CsFCAjcbHA9rWtchMGdZ6VojVZ GQAAAAAAAAAFAAAAAAAAAAAAAAAAAAAA
    Program pfeeUxB6jkeY1Hxd7CsFCAjcbHA9rWtchMGdZ6VojVZ success
    Program TokenkegQfeZyiNwAJbNbGKPFXCWuBvf9Ss623VQ5DA invoke [3]
    Program TokenkegQfeZyiNwAJbNbGKPFXCWuBvf9Ss623VQ5DA consumed 105 of 337572 compute units
    Program TokenkegQfeZyiNwAJbNbGKPFXCWuBvf9Ss623VQ5DA success
    Program TokenkegQfeZyiNwAJbNbGKPFXCWuBvf9Ss623VQ5DA invoke [3]
    Program TokenkegQfeZyiNwAJbNbGKPFXCWuBvf9Ss623VQ5DA consumed 112 of 334963 compute units
    Program TokenkegQfeZyiNwAJbNbGKPFXCWuBvf9Ss623VQ5DA success
    ...
    Program TokenkegQfeZyiNwAJbNbGKPFXCWuBvf9Ss623VQ5DA success
    Program log: AnchorError thrown in programs/pump-amm/src/state/global_config.rs:326. Error Code: BuybackFeeRecipientNotAuthorized. Error Number: 6053. Error Message: Buyback fee re
    Program pAMMBay6oceH9fJKBRHGP5D4bD4sWpmSwMn52FMfXEA consumed 63503 of 392918 compute units
    Program pAMMBay6oceH9fJKBRHGP5D4bD4sWpmSwMn52FMfXEA failed: custom program error: 0x17a5
    Program CnddPhKV1fnKE7ic5nSJcoVq2XFmQ9daE3tuqc2u6qTt consumed 70285 of 399700 compute units
    Program CnddPhKV1fnKE7ic5nSJcoVq2XFmQ9daE3tuqc2u6qTt failed: custom program error: 0x17a5
RECOVER  pump-pump id=254 custom6=False cu=70585 raw=976 alt=True err={'InstructionError': [2, {'Custom': 6053}]}
  simulate err={'InstructionError': [2, {'Custom': 6053}]} cu=70585 logs=28
    Program ComputeBudget111111111111111111111111111111 invoke [1]
    Program ComputeBudget111111111111111111111111111111 success
    Program ComputeBudget111111111111111111111111111111 invoke [1]
    Program ComputeBudget111111111111111111111111111111 success
    Program CnddPhKV1fnKE7ic5nSJcoVq2XFmQ9daE3tuqc2u6qTt invoke [1]
    Program pAMMBay6oceH9fJKBRHGP5D4bD4sWpmSwMn52FMfXEA invoke [2]
    Program log: Instruction: BuyExactQuoteIn
    Program 11111111111111111111111111111111 invoke [3]
    Program 11111111111111111111111111111111 success
    Program pfeeUxB6jkeY1Hxd7CsFCAjcbHA9rWtchMGdZ6VojVZ invoke [3]
    Program log: Instruction: GetFeesWithQuoteMint
    Program pfeeUxB6jkeY1Hxd7CsFCAjcbHA9rWtchMGdZ6VojVZ consumed 5688 of 348052 compute units
    Program return: pfeeUxB6jkeY1Hxd7CsFCAjcbHA9rWtchMGdZ6VojVZ GQAAAAAAAAAFAAAAAAAAAAAAAAAAAAAA
    Program pfeeUxB6jkeY1Hxd7CsFCAjcbHA9rWtchMGdZ6VojVZ success
    Program TokenkegQfeZyiNwAJbNbGKPFXCWuBvf9Ss623VQ5DA invoke [3]
    Program TokenkegQfeZyiNwAJbNbGKPFXCWuBvf9Ss623VQ5DA consumed 105 of 337572 compute units
    Program TokenkegQfeZyiNwAJbNbGKPFXCWuBvf9Ss623VQ5DA success
    Program TokenkegQfeZyiNwAJbNbGKPFXCWuBvf9Ss623VQ5DA invoke [3]
    Program TokenkegQfeZyiNwAJbNbGKPFXCWuBvf9Ss623VQ5DA consumed 112 of 334963 compute units
    Program TokenkegQfeZyiNwAJbNbGKPFXCWuBvf9Ss623VQ5DA success
    ...
    Program TokenkegQfeZyiNwAJbNbGKPFXCWuBvf9Ss623VQ5DA success
    Program log: AnchorError thrown in programs/pump-amm/src/state/global_config.rs:326. Error Code: BuybackFeeRecipientNotAuthorized. Error Number: 6053. Error Message: Buyback fee re
    Program pAMMBay6oceH9fJKBRHGP5D4bD4sWpmSwMn52FMfXEA consumed 63503 of 392918 compute units
    Program pAMMBay6oceH9fJKBRHGP5D4bD4sWpmSwMn52FMfXEA failed: custom program error: 0x17a5
    Program CnddPhKV1fnKE7ic5nSJcoVq2XFmQ9daE3tuqc2u6qTt consumed 70285 of 399700 compute units
    Program CnddPhKV1fnKE7ic5nSJcoVq2XFmQ9daE3tuqc2u6qTt failed: custom program error: 0x17a5
RECOVER  pump-pump id=256 custom6=False cu=70585 raw=976 alt=True err={'InstructionError': [2, {'Custom': 6053}]}
  simulate err={'InstructionError': [2, {'Custom': 6053}]} cu=151272 logs=58
    Program ComputeBudget111111111111111111111111111111 invoke [1]
    Program ComputeBudget111111111111111111111111111111 success
    Program ComputeBudget111111111111111111111111111111 invoke [1]
    Program ComputeBudget111111111111111111111111111111 success
    Program CnddPhKV1fnKE7ic5nSJcoVq2XFmQ9daE3tuqc2u6qTt invoke [1]
    Program pAMMBay6oceH9fJKBRHGP5D4bD4sWpmSwMn52FMfXEA invoke [2]
    Program log: Instruction: BuyExactQuoteIn
    Program 11111111111111111111111111111111 invoke [3]
    Program 11111111111111111111111111111111 success
    Program pfeeUxB6jkeY1Hxd7CsFCAjcbHA9rWtchMGdZ6VojVZ invoke [3]
    Program log: Instruction: GetFeesWithQuoteMint
    Program pfeeUxB6jkeY1Hxd7CsFCAjcbHA9rWtchMGdZ6VojVZ consumed 5911 of 348898 compute units
    Program return: pfeeUxB6jkeY1Hxd7CsFCAjcbHA9rWtchMGdZ6VojVZ FAAAAAAAAAAFAAAAAAAAABwAAAAAAAAA
    Program pfeeUxB6jkeY1Hxd7CsFCAjcbHA9rWtchMGdZ6VojVZ success
    Program TokenzQdBNbLqP5VEhdkAS6EPFLC1PHnBqCXEpPxuEb invoke [3]
    Program log: Instruction: TransferChecked
    Program TokenzQdBNbLqP5VEhdkAS6EPFLC1PHnBqCXEpPxuEb consumed 2562 of 337615 compute units
    Program TokenzQdBNbLqP5VEhdkAS6EPFLC1PHnBqCXEpPxuEb success
    Program TokenkegQfeZyiNwAJbNbGKPFXCWuBvf9Ss623VQ5DA invoke [3]
    Program TokenkegQfeZyiNwAJbNbGKPFXCWuBvf9Ss623VQ5DA consumed 112 of 332549 compute units
    ...
    Program TokenkegQfeZyiNwAJbNbGKPFXCWuBvf9Ss623VQ5DA success
    Program log: AnchorError thrown in programs/pump-amm/src/state/global_config.rs:326. Error Code: BuybackFeeRecipientNotAuthorized. Error Number: 6053. Error Message: Buyback fee re
    Program pAMMBay6oceH9fJKBRHGP5D4bD4sWpmSwMn52FMfXEA consumed 52811 of 301539 compute units
    Program pAMMBay6oceH9fJKBRHGP5D4bD4sWpmSwMn52FMfXEA failed: custom program error: 0x17a5
    Program CnddPhKV1fnKE7ic5nSJcoVq2XFmQ9daE3tuqc2u6qTt consumed 150972 of 399700 compute units
    Program CnddPhKV1fnKE7ic5nSJcoVq2XFmQ9daE3tuqc2u6qTt failed: custom program error: 0x17a5
RECOVER  pump-pump id=258 custom6=False cu=151272 raw=1040 alt=True err={'InstructionError': [2, {'Custom': 6053}]}
  simulate err={'InstructionError': [2, {'Custom': 6053}]} cu=71902 logs=29
    Program ComputeBudget111111111111111111111111111111 invoke [1]
    Program ComputeBudget111111111111111111111111111111 success
    Program ComputeBudget111111111111111111111111111111 invoke [1]
    Program ComputeBudget111111111111111111111111111111 success
    Program CnddPhKV1fnKE7ic5nSJcoVq2XFmQ9daE3tuqc2u6qTt invoke [1]
    Program pAMMBay6oceH9fJKBRHGP5D4bD4sWpmSwMn52FMfXEA invoke [2]
    Program log: Instruction: BuyExactQuoteIn
    Program 11111111111111111111111111111111 invoke [3]
    Program 11111111111111111111111111111111 success
    Program pfeeUxB6jkeY1Hxd7CsFCAjcbHA9rWtchMGdZ6VojVZ invoke [3]
    Program log: Instruction: GetFeesWithQuoteMint
    Program pfeeUxB6jkeY1Hxd7CsFCAjcbHA9rWtchMGdZ6VojVZ consumed 5688 of 349170 compute units
    Program return: pfeeUxB6jkeY1Hxd7CsFCAjcbHA9rWtchMGdZ6VojVZ GQAAAAAAAAAFAAAAAAAAAAAAAAAAAAAA
    Program pfeeUxB6jkeY1Hxd7CsFCAjcbHA9rWtchMGdZ6VojVZ success
    Program TokenzQdBNbLqP5VEhdkAS6EPFLC1PHnBqCXEpPxuEb invoke [3]
    Program log: Instruction: TransferChecked
    Program TokenzQdBNbLqP5VEhdkAS6EPFLC1PHnBqCXEpPxuEb consumed 2562 of 338719 compute units
    Program TokenzQdBNbLqP5VEhdkAS6EPFLC1PHnBqCXEpPxuEb success
    Program TokenkegQfeZyiNwAJbNbGKPFXCWuBvf9Ss623VQ5DA invoke [3]
    Program TokenkegQfeZyiNwAJbNbGKPFXCWuBvf9Ss623VQ5DA consumed 112 of 333653 compute units
    ...
    Program TokenkegQfeZyiNwAJbNbGKPFXCWuBvf9Ss623VQ5DA success
    Program log: AnchorError thrown in programs/pump-amm/src/state/global_config.rs:326. Error Code: BuybackFeeRecipientNotAuthorized. Error Number: 6053. Error Message: Buyback fee re
    Program pAMMBay6oceH9fJKBRHGP5D4bD4sWpmSwMn52FMfXEA consumed 64821 of 392919 compute units
    Program pAMMBay6oceH9fJKBRHGP5D4bD4sWpmSwMn52FMfXEA failed: custom program error: 0x17a5
    Program CnddPhKV1fnKE7ic5nSJcoVq2XFmQ9daE3tuqc2u6qTt consumed 71602 of 399700 compute units
    Program CnddPhKV1fnKE7ic5nSJcoVq2XFmQ9daE3tuqc2u6qTt failed: custom program error: 0x17a5
RECOVER  pump-pump id=260 custom6=False cu=71902 raw=1040 alt=True err={'InstructionError': [2, {'Custom': 6053}]}
  simulate err={'InstructionError': [2, 'IncorrectProgramId']} cu=118595 logs=56
    Program ComputeBudget111111111111111111111111111111 invoke [1]
    Program ComputeBudget111111111111111111111111111111 success
    Program ComputeBudget111111111111111111111111111111 invoke [1]
    Program ComputeBudget111111111111111111111111111111 success
    Program CnddPhKV1fnKE7ic5nSJcoVq2XFmQ9daE3tuqc2u6qTt invoke [1]
    Program LBUZKhRxPF3XUpBCjp4YzTKgLccjZhTSDM9YuVaPwxo invoke [2]
    Program log: Instruction: Swap2
    Program LBUZKhRxPF3XUpBCjp4YzTKgLccjZhTSDM9YuVaPwxo invoke [3]
    Program LBUZKhRxPF3XUpBCjp4YzTKgLccjZhTSDM9YuVaPwxo consumed 772 of 370782 compute units
    Program LBUZKhRxPF3XUpBCjp4YzTKgLccjZhTSDM9YuVaPwxo success
    Program TokenkegQfeZyiNwAJbNbGKPFXCWuBvf9Ss623VQ5DA invoke [3]
    Program TokenkegQfeZyiNwAJbNbGKPFXCWuBvf9Ss623VQ5DA consumed 112 of 367968 compute units
    Program TokenkegQfeZyiNwAJbNbGKPFXCWuBvf9Ss623VQ5DA success
    Program TokenzQdBNbLqP5VEhdkAS6EPFLC1PHnBqCXEpPxuEb invoke [3]
    Program log: Instruction: TransferChecked
    Program TokenzQdBNbLqP5VEhdkAS6EPFLC1PHnBqCXEpPxuEb consumed 3432 of 364985 compute units
    Program TokenzQdBNbLqP5VEhdkAS6EPFLC1PHnBqCXEpPxuEb success
    Program LBUZKhRxPF3XUpBCjp4YzTKgLccjZhTSDM9YuVaPwxo invoke [3]
    Program LBUZKhRxPF3XUpBCjp4YzTKgLccjZhTSDM9YuVaPwxo consumed 772 of 358842 compute units
    Program LBUZKhRxPF3XUpBCjp4YzTKgLccjZhTSDM9YuVaPwxo success
    ...
    Program TokenzQdBNbLqP5VEhdkAS6EPFLC1PHnBqCXEpPxuEb consumed 1305 of 282710 compute units
    Program TokenzQdBNbLqP5VEhdkAS6EPFLC1PHnBqCXEpPxuEb failed: incorrect program id for instruction
    Program LBUZKhRxPF3XUpBCjp4YzTKgLccjZhTSDM9YuVaPwxo consumed 30121 of 311526 compute units
    Program LBUZKhRxPF3XUpBCjp4YzTKgLccjZhTSDM9YuVaPwxo failed: incorrect program id for instruction
    Program CnddPhKV1fnKE7ic5nSJcoVq2XFmQ9daE3tuqc2u6qTt consumed 118295 of 399700 compute units
    Program CnddPhKV1fnKE7ic5nSJcoVq2XFmQ9daE3tuqc2u6qTt failed: incorrect program id for instruction
RECOVER  dlmm-dlmm-dlmm id=582 custom6=False cu=118595 raw=1230 alt=False err={'InstructionError': [2, 'IncorrectProgramId']}
  simulate err={'InstructionError': [2, 'IncorrectProgramId']} cu=118636 logs=56
    Program ComputeBudget111111111111111111111111111111 invoke [1]
    Program ComputeBudget111111111111111111111111111111 success
    Program ComputeBudget111111111111111111111111111111 invoke [1]
    Program ComputeBudget111111111111111111111111111111 success
    Program CnddPhKV1fnKE7ic5nSJcoVq2XFmQ9daE3tuqc2u6qTt invoke [1]
    Program LBUZKhRxPF3XUpBCjp4YzTKgLccjZhTSDM9YuVaPwxo invoke [2]
    Program log: Instruction: Swap2
    Program LBUZKhRxPF3XUpBCjp4YzTKgLccjZhTSDM9YuVaPwxo invoke [3]
    Program LBUZKhRxPF3XUpBCjp4YzTKgLccjZhTSDM9YuVaPwxo consumed 772 of 370785 compute units
    Program LBUZKhRxPF3XUpBCjp4YzTKgLccjZhTSDM9YuVaPwxo success
    Program TokenkegQfeZyiNwAJbNbGKPFXCWuBvf9Ss623VQ5DA invoke [3]
    Program TokenkegQfeZyiNwAJbNbGKPFXCWuBvf9Ss623VQ5DA consumed 112 of 367971 compute units
    Program TokenkegQfeZyiNwAJbNbGKPFXCWuBvf9Ss623VQ5DA success
    Program TokenzQdBNbLqP5VEhdkAS6EPFLC1PHnBqCXEpPxuEb invoke [3]
    Program log: Instruction: TransferChecked
    Program TokenzQdBNbLqP5VEhdkAS6EPFLC1PHnBqCXEpPxuEb consumed 3432 of 364988 compute units
    Program TokenzQdBNbLqP5VEhdkAS6EPFLC1PHnBqCXEpPxuEb success
    Program LBUZKhRxPF3XUpBCjp4YzTKgLccjZhTSDM9YuVaPwxo invoke [3]
    Program LBUZKhRxPF3XUpBCjp4YzTKgLccjZhTSDM9YuVaPwxo consumed 772 of 358845 compute units
    Program LBUZKhRxPF3XUpBCjp4YzTKgLccjZhTSDM9YuVaPwxo success
    ...
    Program TokenzQdBNbLqP5VEhdkAS6EPFLC1PHnBqCXEpPxuEb consumed 1305 of 282669 compute units
    Program TokenzQdBNbLqP5VEhdkAS6EPFLC1PHnBqCXEpPxuEb failed: incorrect program id for instruction
    Program LBUZKhRxPF3XUpBCjp4YzTKgLccjZhTSDM9YuVaPwxo consumed 30187 of 311551 compute units
    Program LBUZKhRxPF3XUpBCjp4YzTKgLccjZhTSDM9YuVaPwxo failed: incorrect program id for instruction
    Program CnddPhKV1fnKE7ic5nSJcoVq2XFmQ9daE3tuqc2u6qTt consumed 118336 of 399700 compute units
    Program CnddPhKV1fnKE7ic5nSJcoVq2XFmQ9daE3tuqc2u6qTt failed: incorrect program id for instruction
RECOVER  dlmm-dlmm-dlmm id=583 custom6=False cu=118636 raw=1230 alt=False err={'InstructionError': [2, 'IncorrectProgramId']}
  simulate err={'InstructionError': [2, 'IncorrectProgramId']} cu=118551 logs=56
    Program ComputeBudget111111111111111111111111111111 invoke [1]
    Program ComputeBudget111111111111111111111111111111 success
    Program ComputeBudget111111111111111111111111111111 invoke [1]
    Program ComputeBudget111111111111111111111111111111 success
    Program CnddPhKV1fnKE7ic5nSJcoVq2XFmQ9daE3tuqc2u6qTt invoke [1]
    Program LBUZKhRxPF3XUpBCjp4YzTKgLccjZhTSDM9YuVaPwxo invoke [2]
    Program log: Instruction: Swap2
    Program LBUZKhRxPF3XUpBCjp4YzTKgLccjZhTSDM9YuVaPwxo invoke [3]
    Program LBUZKhRxPF3XUpBCjp4YzTKgLccjZhTSDM9YuVaPwxo consumed 772 of 370785 compute units
    Program LBUZKhRxPF3XUpBCjp4YzTKgLccjZhTSDM9YuVaPwxo success
    Program TokenkegQfeZyiNwAJbNbGKPFXCWuBvf9Ss623VQ5DA invoke [3]
    Program TokenkegQfeZyiNwAJbNbGKPFXCWuBvf9Ss623VQ5DA consumed 112 of 367971 compute units
    Program TokenkegQfeZyiNwAJbNbGKPFXCWuBvf9Ss623VQ5DA success
    Program TokenzQdBNbLqP5VEhdkAS6EPFLC1PHnBqCXEpPxuEb invoke [3]
    Program log: Instruction: TransferChecked
    Program TokenzQdBNbLqP5VEhdkAS6EPFLC1PHnBqCXEpPxuEb consumed 3432 of 364988 compute units
    Program TokenzQdBNbLqP5VEhdkAS6EPFLC1PHnBqCXEpPxuEb success
    Program LBUZKhRxPF3XUpBCjp4YzTKgLccjZhTSDM9YuVaPwxo invoke [3]
    Program LBUZKhRxPF3XUpBCjp4YzTKgLccjZhTSDM9YuVaPwxo consumed 772 of 358845 compute units
    Program LBUZKhRxPF3XUpBCjp4YzTKgLccjZhTSDM9YuVaPwxo success
    ...
    Program TokenzQdBNbLqP5VEhdkAS6EPFLC1PHnBqCXEpPxuEb consumed 1305 of 282754 compute units
    Program TokenzQdBNbLqP5VEhdkAS6EPFLC1PHnBqCXEpPxuEb failed: incorrect program id for instruction
    Program LBUZKhRxPF3XUpBCjp4YzTKgLccjZhTSDM9YuVaPwxo consumed 30087 of 311536 compute units
    Program LBUZKhRxPF3XUpBCjp4YzTKgLccjZhTSDM9YuVaPwxo failed: incorrect program id for instruction
    Program CnddPhKV1fnKE7ic5nSJcoVq2XFmQ9daE3tuqc2u6qTt consumed 118251 of 399700 compute units
    Program CnddPhKV1fnKE7ic5nSJcoVq2XFmQ9daE3tuqc2u6qTt failed: incorrect program id for instruction
RECOVER  dlmm-dlmm-dlmm id=584 custom6=False cu=118551 raw=1230 alt=False err={'InstructionError': [2, 'IncorrectProgramId']}
  simulate err={'InstructionError': [2, 'IncorrectProgramId']} cu=118797 logs=56
    Program ComputeBudget111111111111111111111111111111 invoke [1]
    Program ComputeBudget111111111111111111111111111111 success
    Program ComputeBudget111111111111111111111111111111 invoke [1]
    Program ComputeBudget111111111111111111111111111111 success
    Program CnddPhKV1fnKE7ic5nSJcoVq2XFmQ9daE3tuqc2u6qTt invoke [1]
    Program LBUZKhRxPF3XUpBCjp4YzTKgLccjZhTSDM9YuVaPwxo invoke [2]
    Program log: Instruction: Swap2
    Program LBUZKhRxPF3XUpBCjp4YzTKgLccjZhTSDM9YuVaPwxo invoke [3]
    Program LBUZKhRxPF3XUpBCjp4YzTKgLccjZhTSDM9YuVaPwxo consumed 772 of 370786 compute units
    Program LBUZKhRxPF3XUpBCjp4YzTKgLccjZhTSDM9YuVaPwxo success
    Program TokenkegQfeZyiNwAJbNbGKPFXCWuBvf9Ss623VQ5DA invoke [3]
    Program TokenkegQfeZyiNwAJbNbGKPFXCWuBvf9Ss623VQ5DA consumed 112 of 367972 compute units
    Program TokenkegQfeZyiNwAJbNbGKPFXCWuBvf9Ss623VQ5DA success
    Program TokenzQdBNbLqP5VEhdkAS6EPFLC1PHnBqCXEpPxuEb invoke [3]
    Program log: Instruction: TransferChecked
    Program TokenzQdBNbLqP5VEhdkAS6EPFLC1PHnBqCXEpPxuEb consumed 3432 of 364989 compute units
    Program TokenzQdBNbLqP5VEhdkAS6EPFLC1PHnBqCXEpPxuEb success
    Program LBUZKhRxPF3XUpBCjp4YzTKgLccjZhTSDM9YuVaPwxo invoke [3]
    Program LBUZKhRxPF3XUpBCjp4YzTKgLccjZhTSDM9YuVaPwxo consumed 772 of 358846 compute units
    Program LBUZKhRxPF3XUpBCjp4YzTKgLccjZhTSDM9YuVaPwxo success
    ...
    Program TokenzQdBNbLqP5VEhdkAS6EPFLC1PHnBqCXEpPxuEb consumed 1305 of 282508 compute units
    Program TokenzQdBNbLqP5VEhdkAS6EPFLC1PHnBqCXEpPxuEb failed: incorrect program id for instruction
    Program LBUZKhRxPF3XUpBCjp4YzTKgLccjZhTSDM9YuVaPwxo consumed 30349 of 311552 compute units
    Program LBUZKhRxPF3XUpBCjp4YzTKgLccjZhTSDM9YuVaPwxo failed: incorrect program id for instruction
    Program CnddPhKV1fnKE7ic5nSJcoVq2XFmQ9daE3tuqc2u6qTt consumed 118497 of 399700 compute units
    Program CnddPhKV1fnKE7ic5nSJcoVq2XFmQ9daE3tuqc2u6qTt failed: incorrect program id for instruction
RECOVER  dlmm-dlmm-dlmm id=585 custom6=False cu=118797 raw=1230 alt=False err={'InstructionError': [2, 'IncorrectProgramId']}
  simulate err={'InstructionError': [2, 'IncorrectProgramId']} cu=118521 logs=56
    Program ComputeBudget111111111111111111111111111111 invoke [1]
    Program ComputeBudget111111111111111111111111111111 success
    Program ComputeBudget111111111111111111111111111111 invoke [1]
    Program ComputeBudget111111111111111111111111111111 success
    Program CnddPhKV1fnKE7ic5nSJcoVq2XFmQ9daE3tuqc2u6qTt invoke [1]
    Program LBUZKhRxPF3XUpBCjp4YzTKgLccjZhTSDM9YuVaPwxo invoke [2]
    Program log: Instruction: Swap2
    Program LBUZKhRxPF3XUpBCjp4YzTKgLccjZhTSDM9YuVaPwxo invoke [3]
    Program LBUZKhRxPF3XUpBCjp4YzTKgLccjZhTSDM9YuVaPwxo consumed 772 of 370786 compute units
    Program LBUZKhRxPF3XUpBCjp4YzTKgLccjZhTSDM9YuVaPwxo success
    Program TokenkegQfeZyiNwAJbNbGKPFXCWuBvf9Ss623VQ5DA invoke [3]
    Program TokenkegQfeZyiNwAJbNbGKPFXCWuBvf9Ss623VQ5DA consumed 112 of 367972 compute units
    Program TokenkegQfeZyiNwAJbNbGKPFXCWuBvf9Ss623VQ5DA success
    Program TokenzQdBNbLqP5VEhdkAS6EPFLC1PHnBqCXEpPxuEb invoke [3]
    Program log: Instruction: TransferChecked
    Program TokenzQdBNbLqP5VEhdkAS6EPFLC1PHnBqCXEpPxuEb consumed 3432 of 364989 compute units
    Program TokenzQdBNbLqP5VEhdkAS6EPFLC1PHnBqCXEpPxuEb success
    Program LBUZKhRxPF3XUpBCjp4YzTKgLccjZhTSDM9YuVaPwxo invoke [3]
    Program LBUZKhRxPF3XUpBCjp4YzTKgLccjZhTSDM9YuVaPwxo consumed 772 of 358846 compute units
    Program LBUZKhRxPF3XUpBCjp4YzTKgLccjZhTSDM9YuVaPwxo success
    ...
    Program TokenzQdBNbLqP5VEhdkAS6EPFLC1PHnBqCXEpPxuEb consumed 1305 of 282784 compute units
    Program TokenzQdBNbLqP5VEhdkAS6EPFLC1PHnBqCXEpPxuEb failed: incorrect program id for instruction
    Program LBUZKhRxPF3XUpBCjp4YzTKgLccjZhTSDM9YuVaPwxo consumed 30077 of 311556 compute units
    Program LBUZKhRxPF3XUpBCjp4YzTKgLccjZhTSDM9YuVaPwxo failed: incorrect program id for instruction
    Program CnddPhKV1fnKE7ic5nSJcoVq2XFmQ9daE3tuqc2u6qTt consumed 118221 of 399700 compute units
    Program CnddPhKV1fnKE7ic5nSJcoVq2XFmQ9daE3tuqc2u6qTt failed: incorrect program id for instruction
RECOVER  dlmm-dlmm-dlmm id=586 custom6=False cu=118521 raw=1230 alt=False err={'InstructionError': [2, 'IncorrectProgramId']}
  simulate err={'InstructionError': [2, 'IncorrectProgramId']} cu=118556 logs=56
    Program ComputeBudget111111111111111111111111111111 invoke [1]
    Program ComputeBudget111111111111111111111111111111 success
    Program ComputeBudget111111111111111111111111111111 invoke [1]
    Program ComputeBudget111111111111111111111111111111 success
    Program CnddPhKV1fnKE7ic5nSJcoVq2XFmQ9daE3tuqc2u6qTt invoke [1]
    Program LBUZKhRxPF3XUpBCjp4YzTKgLccjZhTSDM9YuVaPwxo invoke [2]
    Program log: Instruction: Swap2
    Program LBUZKhRxPF3XUpBCjp4YzTKgLccjZhTSDM9YuVaPwxo invoke [3]
    Program LBUZKhRxPF3XUpBCjp4YzTKgLccjZhTSDM9YuVaPwxo consumed 772 of 370786 compute units
    Program LBUZKhRxPF3XUpBCjp4YzTKgLccjZhTSDM9YuVaPwxo success
    Program TokenkegQfeZyiNwAJbNbGKPFXCWuBvf9Ss623VQ5DA invoke [3]
    Program TokenkegQfeZyiNwAJbNbGKPFXCWuBvf9Ss623VQ5DA consumed 112 of 367972 compute units
    Program TokenkegQfeZyiNwAJbNbGKPFXCWuBvf9Ss623VQ5DA success
    Program TokenzQdBNbLqP5VEhdkAS6EPFLC1PHnBqCXEpPxuEb invoke [3]
    Program log: Instruction: TransferChecked
    Program TokenzQdBNbLqP5VEhdkAS6EPFLC1PHnBqCXEpPxuEb consumed 3432 of 364989 compute units
    Program TokenzQdBNbLqP5VEhdkAS6EPFLC1PHnBqCXEpPxuEb success
    Program LBUZKhRxPF3XUpBCjp4YzTKgLccjZhTSDM9YuVaPwxo invoke [3]
    Program LBUZKhRxPF3XUpBCjp4YzTKgLccjZhTSDM9YuVaPwxo consumed 772 of 358846 compute units
    Program LBUZKhRxPF3XUpBCjp4YzTKgLccjZhTSDM9YuVaPwxo success
    ...
    Program TokenzQdBNbLqP5VEhdkAS6EPFLC1PHnBqCXEpPxuEb consumed 1305 of 282749 compute units
    Program TokenzQdBNbLqP5VEhdkAS6EPFLC1PHnBqCXEpPxuEb failed: incorrect program id for instruction
    Program LBUZKhRxPF3XUpBCjp4YzTKgLccjZhTSDM9YuVaPwxo consumed 30112 of 311556 compute units
    Program LBUZKhRxPF3XUpBCjp4YzTKgLccjZhTSDM9YuVaPwxo failed: incorrect program id for instruction
    Program CnddPhKV1fnKE7ic5nSJcoVq2XFmQ9daE3tuqc2u6qTt consumed 118256 of 399700 compute units
    Program CnddPhKV1fnKE7ic5nSJcoVq2XFmQ9daE3tuqc2u6qTt failed: incorrect program id for instruction
RECOVER  dlmm-dlmm-dlmm id=587 custom6=False cu=118556 raw=1230 alt=False err={'InstructionError': [2, 'IncorrectProgramId']}
  simulate err={'InstructionError': [2, 'IncorrectProgramId']} cu=118776 logs=56
    Program ComputeBudget111111111111111111111111111111 invoke [1]
    Program ComputeBudget111111111111111111111111111111 success
    Program ComputeBudget111111111111111111111111111111 invoke [1]
    Program ComputeBudget111111111111111111111111111111 success
    Program CnddPhKV1fnKE7ic5nSJcoVq2XFmQ9daE3tuqc2u6qTt invoke [1]
    Program LBUZKhRxPF3XUpBCjp4YzTKgLccjZhTSDM9YuVaPwxo invoke [2]
    Program log: Instruction: Swap2
    Program LBUZKhRxPF3XUpBCjp4YzTKgLccjZhTSDM9YuVaPwxo invoke [3]
    Program LBUZKhRxPF3XUpBCjp4YzTKgLccjZhTSDM9YuVaPwxo consumed 772 of 370786 compute units
    Program LBUZKhRxPF3XUpBCjp4YzTKgLccjZhTSDM9YuVaPwxo success
    Program TokenkegQfeZyiNwAJbNbGKPFXCWuBvf9Ss623VQ5DA invoke [3]
    Program TokenkegQfeZyiNwAJbNbGKPFXCWuBvf9Ss623VQ5DA consumed 112 of 367972 compute units
    Program TokenkegQfeZyiNwAJbNbGKPFXCWuBvf9Ss623VQ5DA success
    Program TokenzQdBNbLqP5VEhdkAS6EPFLC1PHnBqCXEpPxuEb invoke [3]
    Program log: Instruction: TransferChecked
    Program TokenzQdBNbLqP5VEhdkAS6EPFLC1PHnBqCXEpPxuEb consumed 3432 of 364989 compute units
    Program TokenzQdBNbLqP5VEhdkAS6EPFLC1PHnBqCXEpPxuEb success
    Program LBUZKhRxPF3XUpBCjp4YzTKgLccjZhTSDM9YuVaPwxo invoke [3]
    Program LBUZKhRxPF3XUpBCjp4YzTKgLccjZhTSDM9YuVaPwxo consumed 772 of 358846 compute units
    Program LBUZKhRxPF3XUpBCjp4YzTKgLccjZhTSDM9YuVaPwxo success
    ...
    Program TokenzQdBNbLqP5VEhdkAS6EPFLC1PHnBqCXEpPxuEb consumed 1305 of 282529 compute units
    Program TokenzQdBNbLqP5VEhdkAS6EPFLC1PHnBqCXEpPxuEb failed: incorrect program id for instruction
    Program LBUZKhRxPF3XUpBCjp4YzTKgLccjZhTSDM9YuVaPwxo consumed 30332 of 311556 compute units
    Program LBUZKhRxPF3XUpBCjp4YzTKgLccjZhTSDM9YuVaPwxo failed: incorrect program id for instruction
    Program CnddPhKV1fnKE7ic5nSJcoVq2XFmQ9daE3tuqc2u6qTt consumed 118476 of 399700 compute units
    Program CnddPhKV1fnKE7ic5nSJcoVq2XFmQ9daE3tuqc2u6qTt failed: incorrect program id for instruction
RECOVER  dlmm-dlmm-dlmm id=588 custom6=False cu=118776 raw=1230 alt=False err={'InstructionError': [2, 'IncorrectProgramId']}
  simulate err={'InstructionError': [2, 'IncorrectProgramId']} cu=118608 logs=56
    Program ComputeBudget111111111111111111111111111111 invoke [1]
    Program ComputeBudget111111111111111111111111111111 success
    Program ComputeBudget111111111111111111111111111111 invoke [1]
    Program ComputeBudget111111111111111111111111111111 success
    Program CnddPhKV1fnKE7ic5nSJcoVq2XFmQ9daE3tuqc2u6qTt invoke [1]
    Program LBUZKhRxPF3XUpBCjp4YzTKgLccjZhTSDM9YuVaPwxo invoke [2]
    Program log: Instruction: Swap2
    Program LBUZKhRxPF3XUpBCjp4YzTKgLccjZhTSDM9YuVaPwxo invoke [3]
    Program LBUZKhRxPF3XUpBCjp4YzTKgLccjZhTSDM9YuVaPwxo consumed 772 of 370786 compute units
    Program LBUZKhRxPF3XUpBCjp4YzTKgLccjZhTSDM9YuVaPwxo success
    Program TokenkegQfeZyiNwAJbNbGKPFXCWuBvf9Ss623VQ5DA invoke [3]
    Program TokenkegQfeZyiNwAJbNbGKPFXCWuBvf9Ss623VQ5DA consumed 112 of 367972 compute units
    Program TokenkegQfeZyiNwAJbNbGKPFXCWuBvf9Ss623VQ5DA success
    Program TokenzQdBNbLqP5VEhdkAS6EPFLC1PHnBqCXEpPxuEb invoke [3]
    Program log: Instruction: TransferChecked
    Program TokenzQdBNbLqP5VEhdkAS6EPFLC1PHnBqCXEpPxuEb consumed 3432 of 364989 compute units
    Program TokenzQdBNbLqP5VEhdkAS6EPFLC1PHnBqCXEpPxuEb success
    Program LBUZKhRxPF3XUpBCjp4YzTKgLccjZhTSDM9YuVaPwxo invoke [3]
    Program LBUZKhRxPF3XUpBCjp4YzTKgLccjZhTSDM9YuVaPwxo consumed 772 of 358846 compute units
    Program LBUZKhRxPF3XUpBCjp4YzTKgLccjZhTSDM9YuVaPwxo success
    ...
    Program TokenzQdBNbLqP5VEhdkAS6EPFLC1PHnBqCXEpPxuEb consumed 1305 of 282697 compute units
    Program TokenzQdBNbLqP5VEhdkAS6EPFLC1PHnBqCXEpPxuEb failed: incorrect program id for instruction
    Program LBUZKhRxPF3XUpBCjp4YzTKgLccjZhTSDM9YuVaPwxo consumed 30163 of 311555 compute units
    Program LBUZKhRxPF3XUpBCjp4YzTKgLccjZhTSDM9YuVaPwxo failed: incorrect program id for instruction
    Program CnddPhKV1fnKE7ic5nSJcoVq2XFmQ9daE3tuqc2u6qTt consumed 118308 of 399700 compute units
    Program CnddPhKV1fnKE7ic5nSJcoVq2XFmQ9daE3tuqc2u6qTt failed: incorrect program id for instruction
RECOVER  dlmm-dlmm-dlmm id=590 custom6=False cu=118608 raw=1230 alt=False err={'InstructionError': [2, 'IncorrectProgramId']}
  simulate err={'InstructionError': [2, 'IncorrectProgramId']} cu=118625 logs=56
    Program ComputeBudget111111111111111111111111111111 invoke [1]
    Program ComputeBudget111111111111111111111111111111 success
    Program ComputeBudget111111111111111111111111111111 invoke [1]
    Program ComputeBudget111111111111111111111111111111 success
    Program CnddPhKV1fnKE7ic5nSJcoVq2XFmQ9daE3tuqc2u6qTt invoke [1]
    Program LBUZKhRxPF3XUpBCjp4YzTKgLccjZhTSDM9YuVaPwxo invoke [2]
    Program log: Instruction: Swap2
    Program LBUZKhRxPF3XUpBCjp4YzTKgLccjZhTSDM9YuVaPwxo invoke [3]
    Program LBUZKhRxPF3XUpBCjp4YzTKgLccjZhTSDM9YuVaPwxo consumed 772 of 370786 compute units
    Program LBUZKhRxPF3XUpBCjp4YzTKgLccjZhTSDM9YuVaPwxo success
    Program TokenkegQfeZyiNwAJbNbGKPFXCWuBvf9Ss623VQ5DA invoke [3]
    Program TokenkegQfeZyiNwAJbNbGKPFXCWuBvf9Ss623VQ5DA consumed 112 of 367972 compute units
    Program TokenkegQfeZyiNwAJbNbGKPFXCWuBvf9Ss623VQ5DA success
    Program TokenzQdBNbLqP5VEhdkAS6EPFLC1PHnBqCXEpPxuEb invoke [3]
    Program log: Instruction: TransferChecked
    Program TokenzQdBNbLqP5VEhdkAS6EPFLC1PHnBqCXEpPxuEb consumed 3432 of 364989 compute units
    Program TokenzQdBNbLqP5VEhdkAS6EPFLC1PHnBqCXEpPxuEb success
    Program LBUZKhRxPF3XUpBCjp4YzTKgLccjZhTSDM9YuVaPwxo invoke [3]
    Program LBUZKhRxPF3XUpBCjp4YzTKgLccjZhTSDM9YuVaPwxo consumed 772 of 358846 compute units
    Program LBUZKhRxPF3XUpBCjp4YzTKgLccjZhTSDM9YuVaPwxo success
    ...
    Program TokenzQdBNbLqP5VEhdkAS6EPFLC1PHnBqCXEpPxuEb consumed 1305 of 282680 compute units
    Program TokenzQdBNbLqP5VEhdkAS6EPFLC1PHnBqCXEpPxuEb failed: incorrect program id for instruction
    Program LBUZKhRxPF3XUpBCjp4YzTKgLccjZhTSDM9YuVaPwxo consumed 30180 of 311555 compute units
    Program LBUZKhRxPF3XUpBCjp4YzTKgLccjZhTSDM9YuVaPwxo failed: incorrect program id for instruction
    Program CnddPhKV1fnKE7ic5nSJcoVq2XFmQ9daE3tuqc2u6qTt consumed 118325 of 399700 compute units
    Program CnddPhKV1fnKE7ic5nSJcoVq2XFmQ9daE3tuqc2u6qTt failed: incorrect program id for instruction
RECOVER  dlmm-dlmm-dlmm id=591 custom6=False cu=118625 raw=1230 alt=False err={'InstructionError': [2, 'IncorrectProgramId']}
  simulate err={'InstructionError': [2, 'IncorrectProgramId']} cu=116663 logs=53
    Program ComputeBudget111111111111111111111111111111 invoke [1]
    Program ComputeBudget111111111111111111111111111111 success
    Program ComputeBudget111111111111111111111111111111 invoke [1]
    Program ComputeBudget111111111111111111111111111111 success
    Program CnddPhKV1fnKE7ic5nSJcoVq2XFmQ9daE3tuqc2u6qTt invoke [1]
    Program LBUZKhRxPF3XUpBCjp4YzTKgLccjZhTSDM9YuVaPwxo invoke [2]
    Program log: Instruction: Swap2
    Program LBUZKhRxPF3XUpBCjp4YzTKgLccjZhTSDM9YuVaPwxo invoke [3]
    Program LBUZKhRxPF3XUpBCjp4YzTKgLccjZhTSDM9YuVaPwxo consumed 772 of 370786 compute units
    Program LBUZKhRxPF3XUpBCjp4YzTKgLccjZhTSDM9YuVaPwxo success
    Program TokenkegQfeZyiNwAJbNbGKPFXCWuBvf9Ss623VQ5DA invoke [3]
    Program TokenkegQfeZyiNwAJbNbGKPFXCWuBvf9Ss623VQ5DA consumed 112 of 367972 compute units
    Program TokenkegQfeZyiNwAJbNbGKPFXCWuBvf9Ss623VQ5DA success
    Program TokenzQdBNbLqP5VEhdkAS6EPFLC1PHnBqCXEpPxuEb invoke [3]
    Program log: Instruction: TransferChecked
    Program TokenzQdBNbLqP5VEhdkAS6EPFLC1PHnBqCXEpPxuEb consumed 3432 of 364989 compute units
    Program TokenzQdBNbLqP5VEhdkAS6EPFLC1PHnBqCXEpPxuEb success
    Program LBUZKhRxPF3XUpBCjp4YzTKgLccjZhTSDM9YuVaPwxo invoke [3]
    Program LBUZKhRxPF3XUpBCjp4YzTKgLccjZhTSDM9YuVaPwxo consumed 772 of 358846 compute units
    Program LBUZKhRxPF3XUpBCjp4YzTKgLccjZhTSDM9YuVaPwxo success
    ...
    Program TokenzQdBNbLqP5VEhdkAS6EPFLC1PHnBqCXEpPxuEb consumed 1305 of 284642 compute units
    Program TokenzQdBNbLqP5VEhdkAS6EPFLC1PHnBqCXEpPxuEb failed: incorrect program id for instruction
    Program LBUZKhRxPF3XUpBCjp4YzTKgLccjZhTSDM9YuVaPwxo consumed 28218 of 311555 compute units
    Program LBUZKhRxPF3XUpBCjp4YzTKgLccjZhTSDM9YuVaPwxo failed: incorrect program id for instruction
    Program CnddPhKV1fnKE7ic5nSJcoVq2XFmQ9daE3tuqc2u6qTt consumed 116363 of 399700 compute units
    Program CnddPhKV1fnKE7ic5nSJcoVq2XFmQ9daE3tuqc2u6qTt failed: incorrect program id for instruction
RECOVER  dlmm-dlmm-dlmm id=592 custom6=False cu=116663 raw=1230 alt=False err={'InstructionError': [2, 'IncorrectProgramId']}
  simulate err={'InstructionError': [2, 'IncorrectProgramId']} cu=118777 logs=56
    Program ComputeBudget111111111111111111111111111111 invoke [1]
    Program ComputeBudget111111111111111111111111111111 success
    Program ComputeBudget111111111111111111111111111111 invoke [1]
    Program ComputeBudget111111111111111111111111111111 success
    Program CnddPhKV1fnKE7ic5nSJcoVq2XFmQ9daE3tuqc2u6qTt invoke [1]
    Program LBUZKhRxPF3XUpBCjp4YzTKgLccjZhTSDM9YuVaPwxo invoke [2]
    Program log: Instruction: Swap2
    Program LBUZKhRxPF3XUpBCjp4YzTKgLccjZhTSDM9YuVaPwxo invoke [3]
    Program LBUZKhRxPF3XUpBCjp4YzTKgLccjZhTSDM9YuVaPwxo consumed 772 of 370786 compute units
    Program LBUZKhRxPF3XUpBCjp4YzTKgLccjZhTSDM9YuVaPwxo success
    Program TokenkegQfeZyiNwAJbNbGKPFXCWuBvf9Ss623VQ5DA invoke [3]
    Program TokenkegQfeZyiNwAJbNbGKPFXCWuBvf9Ss623VQ5DA consumed 112 of 367972 compute units
    Program TokenkegQfeZyiNwAJbNbGKPFXCWuBvf9Ss623VQ5DA success
    Program TokenzQdBNbLqP5VEhdkAS6EPFLC1PHnBqCXEpPxuEb invoke [3]
    Program log: Instruction: TransferChecked
    Program TokenzQdBNbLqP5VEhdkAS6EPFLC1PHnBqCXEpPxuEb consumed 3432 of 364989 compute units
    Program TokenzQdBNbLqP5VEhdkAS6EPFLC1PHnBqCXEpPxuEb success
    Program LBUZKhRxPF3XUpBCjp4YzTKgLccjZhTSDM9YuVaPwxo invoke [3]
    Program LBUZKhRxPF3XUpBCjp4YzTKgLccjZhTSDM9YuVaPwxo consumed 772 of 358846 compute units
    Program LBUZKhRxPF3XUpBCjp4YzTKgLccjZhTSDM9YuVaPwxo success
    ...
    Program TokenzQdBNbLqP5VEhdkAS6EPFLC1PHnBqCXEpPxuEb consumed 1305 of 282528 compute units
    Program TokenzQdBNbLqP5VEhdkAS6EPFLC1PHnBqCXEpPxuEb failed: incorrect program id for instruction
    Program LBUZKhRxPF3XUpBCjp4YzTKgLccjZhTSDM9YuVaPwxo consumed 30332 of 311555 compute units
    Program LBUZKhRxPF3XUpBCjp4YzTKgLccjZhTSDM9YuVaPwxo failed: incorrect program id for instruction
    Program CnddPhKV1fnKE7ic5nSJcoVq2XFmQ9daE3tuqc2u6qTt consumed 118477 of 399700 compute units
    Program CnddPhKV1fnKE7ic5nSJcoVq2XFmQ9daE3tuqc2u6qTt failed: incorrect program id for instruction
RECOVER  dlmm-dlmm-dlmm id=593 custom6=False cu=118777 raw=1230 alt=False err={'InstructionError': [2, 'IncorrectProgramId']}
  simulate err={'InstructionError': [2, 'IncorrectProgramId']} cu=117354 logs=53
    Program ComputeBudget111111111111111111111111111111 invoke [1]
    Program ComputeBudget111111111111111111111111111111 success
    Program ComputeBudget111111111111111111111111111111 invoke [1]
    Program ComputeBudget111111111111111111111111111111 success
    Program CnddPhKV1fnKE7ic5nSJcoVq2XFmQ9daE3tuqc2u6qTt invoke [1]
    Program LBUZKhRxPF3XUpBCjp4YzTKgLccjZhTSDM9YuVaPwxo invoke [2]
    Program log: Instruction: Swap2
    Program LBUZKhRxPF3XUpBCjp4YzTKgLccjZhTSDM9YuVaPwxo invoke [3]
    Program LBUZKhRxPF3XUpBCjp4YzTKgLccjZhTSDM9YuVaPwxo consumed 772 of 370783 compute units
    Program LBUZKhRxPF3XUpBCjp4YzTKgLccjZhTSDM9YuVaPwxo success
    Program TokenkegQfeZyiNwAJbNbGKPFXCWuBvf9Ss623VQ5DA invoke [3]
    Program TokenkegQfeZyiNwAJbNbGKPFXCWuBvf9Ss623VQ5DA consumed 112 of 367969 compute units
    Program TokenkegQfeZyiNwAJbNbGKPFXCWuBvf9Ss623VQ5DA success
    Program TokenzQdBNbLqP5VEhdkAS6EPFLC1PHnBqCXEpPxuEb invoke [3]
    Program log: Instruction: TransferChecked
    Program TokenzQdBNbLqP5VEhdkAS6EPFLC1PHnBqCXEpPxuEb consumed 3432 of 364986 compute units
    Program TokenzQdBNbLqP5VEhdkAS6EPFLC1PHnBqCXEpPxuEb success
    Program LBUZKhRxPF3XUpBCjp4YzTKgLccjZhTSDM9YuVaPwxo invoke [3]
    Program LBUZKhRxPF3XUpBCjp4YzTKgLccjZhTSDM9YuVaPwxo consumed 772 of 358843 compute units
    Program LBUZKhRxPF3XUpBCjp4YzTKgLccjZhTSDM9YuVaPwxo success
    ...
    Program TokenzQdBNbLqP5VEhdkAS6EPFLC1PHnBqCXEpPxuEb consumed 1305 of 283951 compute units
    Program TokenzQdBNbLqP5VEhdkAS6EPFLC1PHnBqCXEpPxuEb failed: incorrect program id for instruction
    Program LBUZKhRxPF3XUpBCjp4YzTKgLccjZhTSDM9YuVaPwxo consumed 28907 of 311553 compute units
    Program LBUZKhRxPF3XUpBCjp4YzTKgLccjZhTSDM9YuVaPwxo failed: incorrect program id for instruction
    Program CnddPhKV1fnKE7ic5nSJcoVq2XFmQ9daE3tuqc2u6qTt consumed 117054 of 399700 compute units
    Program CnddPhKV1fnKE7ic5nSJcoVq2XFmQ9daE3tuqc2u6qTt failed: incorrect program id for instruction
RECOVER  dlmm-dlmm-dlmm id=594 custom6=False cu=117354 raw=1230 alt=False err={'InstructionError': [2, 'IncorrectProgramId']}
  simulate err={'InstructionError': [2, 'IncorrectProgramId']} cu=34763 logs=22
    Program ComputeBudget111111111111111111111111111111 invoke [1]
    Program ComputeBudget111111111111111111111111111111 success
    Program ComputeBudget111111111111111111111111111111 invoke [1]
    Program ComputeBudget111111111111111111111111111111 success
    Program CnddPhKV1fnKE7ic5nSJcoVq2XFmQ9daE3tuqc2u6qTt invoke [1]
    Program LBUZKhRxPF3XUpBCjp4YzTKgLccjZhTSDM9YuVaPwxo invoke [2]
    Program log: Instruction: Swap2
    Program LBUZKhRxPF3XUpBCjp4YzTKgLccjZhTSDM9YuVaPwxo invoke [3]
    Program LBUZKhRxPF3XUpBCjp4YzTKgLccjZhTSDM9YuVaPwxo consumed 772 of 371659 compute units
    Program LBUZKhRxPF3XUpBCjp4YzTKgLccjZhTSDM9YuVaPwxo success
    Program TokenkegQfeZyiNwAJbNbGKPFXCWuBvf9Ss623VQ5DA invoke [3]
    Program TokenkegQfeZyiNwAJbNbGKPFXCWuBvf9Ss623VQ5DA consumed 112 of 368845 compute units
    Program TokenkegQfeZyiNwAJbNbGKPFXCWuBvf9Ss623VQ5DA success
    Program TokenzQdBNbLqP5VEhdkAS6EPFLC1PHnBqCXEpPxuEb invoke [3]
    Program log: Instruction: TransferChecked
    Program log: Error: IncorrectProgramId
    Program TokenzQdBNbLqP5VEhdkAS6EPFLC1PHnBqCXEpPxuEb consumed 1305 of 366542 compute units
    Program TokenzQdBNbLqP5VEhdkAS6EPFLC1PHnBqCXEpPxuEb failed: incorrect program id for instruction
    Program LBUZKhRxPF3XUpBCjp4YzTKgLccjZhTSDM9YuVaPwxo consumed 30030 of 395267 compute units
    Program LBUZKhRxPF3XUpBCjp4YzTKgLccjZhTSDM9YuVaPwxo failed: incorrect program id for instruction
    ...
    Program TokenzQdBNbLqP5VEhdkAS6EPFLC1PHnBqCXEpPxuEb consumed 1305 of 366542 compute units
    Program TokenzQdBNbLqP5VEhdkAS6EPFLC1PHnBqCXEpPxuEb failed: incorrect program id for instruction
    Program LBUZKhRxPF3XUpBCjp4YzTKgLccjZhTSDM9YuVaPwxo consumed 30030 of 395267 compute units
    Program LBUZKhRxPF3XUpBCjp4YzTKgLccjZhTSDM9YuVaPwxo failed: incorrect program id for instruction
    Program CnddPhKV1fnKE7ic5nSJcoVq2XFmQ9daE3tuqc2u6qTt consumed 34463 of 399700 compute units
    Program CnddPhKV1fnKE7ic5nSJcoVq2XFmQ9daE3tuqc2u6qTt failed: incorrect program id for instruction
RECOVER  dlmm-dlmm-dlmm id=595 custom6=False cu=34763 raw=1230 alt=False err={'InstructionError': [2, 'IncorrectProgramId']}
  simulate err={'InstructionError': [2, 'IncorrectProgramId']} cu=34763 logs=22
    Program ComputeBudget111111111111111111111111111111 invoke [1]
    Program ComputeBudget111111111111111111111111111111 success
    Program ComputeBudget111111111111111111111111111111 invoke [1]
    Program ComputeBudget111111111111111111111111111111 success
    Program CnddPhKV1fnKE7ic5nSJcoVq2XFmQ9daE3tuqc2u6qTt invoke [1]
    Program LBUZKhRxPF3XUpBCjp4YzTKgLccjZhTSDM9YuVaPwxo invoke [2]
    Program log: Instruction: Swap2
    Program LBUZKhRxPF3XUpBCjp4YzTKgLccjZhTSDM9YuVaPwxo invoke [3]
    Program LBUZKhRxPF3XUpBCjp4YzTKgLccjZhTSDM9YuVaPwxo consumed 772 of 371659 compute units
    Program LBUZKhRxPF3XUpBCjp4YzTKgLccjZhTSDM9YuVaPwxo success
    Program TokenkegQfeZyiNwAJbNbGKPFXCWuBvf9Ss623VQ5DA invoke [3]
    Program TokenkegQfeZyiNwAJbNbGKPFXCWuBvf9Ss623VQ5DA consumed 112 of 368845 compute units
    Program TokenkegQfeZyiNwAJbNbGKPFXCWuBvf9Ss623VQ5DA success
    Program TokenzQdBNbLqP5VEhdkAS6EPFLC1PHnBqCXEpPxuEb invoke [3]
    Program log: Instruction: TransferChecked
    Program log: Error: IncorrectProgramId
    Program TokenzQdBNbLqP5VEhdkAS6EPFLC1PHnBqCXEpPxuEb consumed 1305 of 366542 compute units
    Program TokenzQdBNbLqP5VEhdkAS6EPFLC1PHnBqCXEpPxuEb failed: incorrect program id for instruction
    Program LBUZKhRxPF3XUpBCjp4YzTKgLccjZhTSDM9YuVaPwxo consumed 30030 of 395267 compute units
    Program LBUZKhRxPF3XUpBCjp4YzTKgLccjZhTSDM9YuVaPwxo failed: incorrect program id for instruction
    ...
    Program TokenzQdBNbLqP5VEhdkAS6EPFLC1PHnBqCXEpPxuEb consumed 1305 of 366542 compute units
    Program TokenzQdBNbLqP5VEhdkAS6EPFLC1PHnBqCXEpPxuEb failed: incorrect program id for instruction
    Program LBUZKhRxPF3XUpBCjp4YzTKgLccjZhTSDM9YuVaPwxo consumed 30030 of 395267 compute units
    Program LBUZKhRxPF3XUpBCjp4YzTKgLccjZhTSDM9YuVaPwxo failed: incorrect program id for instruction
    Program CnddPhKV1fnKE7ic5nSJcoVq2XFmQ9daE3tuqc2u6qTt consumed 34463 of 399700 compute units
    Program CnddPhKV1fnKE7ic5nSJcoVq2XFmQ9daE3tuqc2u6qTt failed: incorrect program id for instruction
RECOVER  dlmm-dlmm-dlmm id=596 custom6=False cu=34763 raw=1230 alt=False err={'InstructionError': [2, 'IncorrectProgramId']}
  simulate err={'InstructionError': [2, 'IncorrectProgramId']} cu=34763 logs=22
    Program ComputeBudget111111111111111111111111111111 invoke [1]
    Program ComputeBudget111111111111111111111111111111 success
    Program ComputeBudget111111111111111111111111111111 invoke [1]
    Program ComputeBudget111111111111111111111111111111 success
    Program CnddPhKV1fnKE7ic5nSJcoVq2XFmQ9daE3tuqc2u6qTt invoke [1]
    Program LBUZKhRxPF3XUpBCjp4YzTKgLccjZhTSDM9YuVaPwxo invoke [2]
    Program log: Instruction: Swap2
    Program LBUZKhRxPF3XUpBCjp4YzTKgLccjZhTSDM9YuVaPwxo invoke [3]
    Program LBUZKhRxPF3XUpBCjp4YzTKgLccjZhTSDM9YuVaPwxo consumed 772 of 371659 compute units
    Program LBUZKhRxPF3XUpBCjp4YzTKgLccjZhTSDM9YuVaPwxo success
    Program TokenkegQfeZyiNwAJbNbGKPFXCWuBvf9Ss623VQ5DA invoke [3]
    Program TokenkegQfeZyiNwAJbNbGKPFXCWuBvf9Ss623VQ5DA consumed 112 of 368845 compute units
    Program TokenkegQfeZyiNwAJbNbGKPFXCWuBvf9Ss623VQ5DA success
    Program TokenzQdBNbLqP5VEhdkAS6EPFLC1PHnBqCXEpPxuEb invoke [3]
    Program log: Instruction: TransferChecked
    Program log: Error: IncorrectProgramId
    Program TokenzQdBNbLqP5VEhdkAS6EPFLC1PHnBqCXEpPxuEb consumed 1305 of 366542 compute units
    Program TokenzQdBNbLqP5VEhdkAS6EPFLC1PHnBqCXEpPxuEb failed: incorrect program id for instruction
    Program LBUZKhRxPF3XUpBCjp4YzTKgLccjZhTSDM9YuVaPwxo consumed 30030 of 395267 compute units
    Program LBUZKhRxPF3XUpBCjp4YzTKgLccjZhTSDM9YuVaPwxo failed: incorrect program id for instruction
    ...
    Program TokenzQdBNbLqP5VEhdkAS6EPFLC1PHnBqCXEpPxuEb consumed 1305 of 366542 compute units
    Program TokenzQdBNbLqP5VEhdkAS6EPFLC1PHnBqCXEpPxuEb failed: incorrect program id for instruction
    Program LBUZKhRxPF3XUpBCjp4YzTKgLccjZhTSDM9YuVaPwxo consumed 30030 of 395267 compute units
    Program LBUZKhRxPF3XUpBCjp4YzTKgLccjZhTSDM9YuVaPwxo failed: incorrect program id for instruction
    Program CnddPhKV1fnKE7ic5nSJcoVq2XFmQ9daE3tuqc2u6qTt consumed 34463 of 399700 compute units
    Program CnddPhKV1fnKE7ic5nSJcoVq2XFmQ9daE3tuqc2u6qTt failed: incorrect program id for instruction
RECOVER  dlmm-dlmm-dlmm id=597 custom6=False cu=34763 raw=1230 alt=False err={'InstructionError': [2, 'IncorrectProgramId']}
  simulate err={'InstructionError': [2, 'IncorrectProgramId']} cu=34763 logs=22
    Program ComputeBudget111111111111111111111111111111 invoke [1]
    Program ComputeBudget111111111111111111111111111111 success
    Program ComputeBudget111111111111111111111111111111 invoke [1]
    Program ComputeBudget111111111111111111111111111111 success
    Program CnddPhKV1fnKE7ic5nSJcoVq2XFmQ9daE3tuqc2u6qTt invoke [1]
    Program LBUZKhRxPF3XUpBCjp4YzTKgLccjZhTSDM9YuVaPwxo invoke [2]
    Program log: Instruction: Swap2
    Program LBUZKhRxPF3XUpBCjp4YzTKgLccjZhTSDM9YuVaPwxo invoke [3]
    Program LBUZKhRxPF3XUpBCjp4YzTKgLccjZhTSDM9YuVaPwxo consumed 772 of 371659 compute units
    Program LBUZKhRxPF3XUpBCjp4YzTKgLccjZhTSDM9YuVaPwxo success
    Program TokenkegQfeZyiNwAJbNbGKPFXCWuBvf9Ss623VQ5DA invoke [3]
    Program TokenkegQfeZyiNwAJbNbGKPFXCWuBvf9Ss623VQ5DA consumed 112 of 368845 compute units
    Program TokenkegQfeZyiNwAJbNbGKPFXCWuBvf9Ss623VQ5DA success
    Program TokenzQdBNbLqP5VEhdkAS6EPFLC1PHnBqCXEpPxuEb invoke [3]
    Program log: Instruction: TransferChecked
    Program log: Error: IncorrectProgramId
    Program TokenzQdBNbLqP5VEhdkAS6EPFLC1PHnBqCXEpPxuEb consumed 1305 of 366542 compute units
    Program TokenzQdBNbLqP5VEhdkAS6EPFLC1PHnBqCXEpPxuEb failed: incorrect program id for instruction
    Program LBUZKhRxPF3XUpBCjp4YzTKgLccjZhTSDM9YuVaPwxo consumed 30030 of 395267 compute units
    Program LBUZKhRxPF3XUpBCjp4YzTKgLccjZhTSDM9YuVaPwxo failed: incorrect program id for instruction
    ...
    Program TokenzQdBNbLqP5VEhdkAS6EPFLC1PHnBqCXEpPxuEb consumed 1305 of 366542 compute units
    Program TokenzQdBNbLqP5VEhdkAS6EPFLC1PHnBqCXEpPxuEb failed: incorrect program id for instruction
    Program LBUZKhRxPF3XUpBCjp4YzTKgLccjZhTSDM9YuVaPwxo consumed 30030 of 395267 compute units
    Program LBUZKhRxPF3XUpBCjp4YzTKgLccjZhTSDM9YuVaPwxo failed: incorrect program id for instruction
    Program CnddPhKV1fnKE7ic5nSJcoVq2XFmQ9daE3tuqc2u6qTt consumed 34463 of 399700 compute units
    Program CnddPhKV1fnKE7ic5nSJcoVq2XFmQ9daE3tuqc2u6qTt failed: incorrect program id for instruction
RECOVER  dlmm-dlmm-dlmm id=598 custom6=False cu=34763 raw=1230 alt=False err={'InstructionError': [2, 'IncorrectProgramId']}
  simulate err={'InstructionError': [2, 'IncorrectProgramId']} cu=34763 logs=22
    Program ComputeBudget111111111111111111111111111111 invoke [1]
    Program ComputeBudget111111111111111111111111111111 success
    Program ComputeBudget111111111111111111111111111111 invoke [1]
    Program ComputeBudget111111111111111111111111111111 success
    Program CnddPhKV1fnKE7ic5nSJcoVq2XFmQ9daE3tuqc2u6qTt invoke [1]
    Program LBUZKhRxPF3XUpBCjp4YzTKgLccjZhTSDM9YuVaPwxo invoke [2]
    Program log: Instruction: Swap2
    Program LBUZKhRxPF3XUpBCjp4YzTKgLccjZhTSDM9YuVaPwxo invoke [3]
    Program LBUZKhRxPF3XUpBCjp4YzTKgLccjZhTSDM9YuVaPwxo consumed 772 of 371659 compute units
    Program LBUZKhRxPF3XUpBCjp4YzTKgLccjZhTSDM9YuVaPwxo success
    Program TokenkegQfeZyiNwAJbNbGKPFXCWuBvf9Ss623VQ5DA invoke [3]
    Program TokenkegQfeZyiNwAJbNbGKPFXCWuBvf9Ss623VQ5DA consumed 112 of 368845 compute units
    Program TokenkegQfeZyiNwAJbNbGKPFXCWuBvf9Ss623VQ5DA success
    Program TokenzQdBNbLqP5VEhdkAS6EPFLC1PHnBqCXEpPxuEb invoke [3]
    Program log: Instruction: TransferChecked
    Program log: Error: IncorrectProgramId
    Program TokenzQdBNbLqP5VEhdkAS6EPFLC1PHnBqCXEpPxuEb consumed 1305 of 366542 compute units
    Program TokenzQdBNbLqP5VEhdkAS6EPFLC1PHnBqCXEpPxuEb failed: incorrect program id for instruction
    Program LBUZKhRxPF3XUpBCjp4YzTKgLccjZhTSDM9YuVaPwxo consumed 30030 of 395267 compute units
    Program LBUZKhRxPF3XUpBCjp4YzTKgLccjZhTSDM9YuVaPwxo failed: incorrect program id for instruction
    ...
    Program TokenzQdBNbLqP5VEhdkAS6EPFLC1PHnBqCXEpPxuEb consumed 1305 of 366542 compute units
    Program TokenzQdBNbLqP5VEhdkAS6EPFLC1PHnBqCXEpPxuEb failed: incorrect program id for instruction
    Program LBUZKhRxPF3XUpBCjp4YzTKgLccjZhTSDM9YuVaPwxo consumed 30030 of 395267 compute units
    Program LBUZKhRxPF3XUpBCjp4YzTKgLccjZhTSDM9YuVaPwxo failed: incorrect program id for instruction
    Program CnddPhKV1fnKE7ic5nSJcoVq2XFmQ9daE3tuqc2u6qTt consumed 34463 of 399700 compute units
    Program CnddPhKV1fnKE7ic5nSJcoVq2XFmQ9daE3tuqc2u6qTt failed: incorrect program id for instruction
RECOVER  dlmm-dlmm-dlmm id=599 custom6=False cu=34763 raw=1230 alt=False err={'InstructionError': [2, 'IncorrectProgramId']}
  simulate err={'InstructionError': [2, 'IncorrectProgramId']} cu=34785 logs=22
    Program ComputeBudget111111111111111111111111111111 invoke [1]
    Program ComputeBudget111111111111111111111111111111 success
    Program ComputeBudget111111111111111111111111111111 invoke [1]
    Program ComputeBudget111111111111111111111111111111 success
    Program CnddPhKV1fnKE7ic5nSJcoVq2XFmQ9daE3tuqc2u6qTt invoke [1]
    Program LBUZKhRxPF3XUpBCjp4YzTKgLccjZhTSDM9YuVaPwxo invoke [2]
    Program log: Instruction: Swap2
    Program LBUZKhRxPF3XUpBCjp4YzTKgLccjZhTSDM9YuVaPwxo invoke [3]
    Program LBUZKhRxPF3XUpBCjp4YzTKgLccjZhTSDM9YuVaPwxo consumed 772 of 371637 compute units
    Program LBUZKhRxPF3XUpBCjp4YzTKgLccjZhTSDM9YuVaPwxo success
    Program TokenkegQfeZyiNwAJbNbGKPFXCWuBvf9Ss623VQ5DA invoke [3]
    Program TokenkegQfeZyiNwAJbNbGKPFXCWuBvf9Ss623VQ5DA consumed 112 of 368823 compute units
    Program TokenkegQfeZyiNwAJbNbGKPFXCWuBvf9Ss623VQ5DA success
    Program TokenzQdBNbLqP5VEhdkAS6EPFLC1PHnBqCXEpPxuEb invoke [3]
    Program log: Instruction: TransferChecked
    Program log: Error: IncorrectProgramId
    Program TokenzQdBNbLqP5VEhdkAS6EPFLC1PHnBqCXEpPxuEb consumed 1305 of 366520 compute units
    Program TokenzQdBNbLqP5VEhdkAS6EPFLC1PHnBqCXEpPxuEb failed: incorrect program id for instruction
    Program LBUZKhRxPF3XUpBCjp4YzTKgLccjZhTSDM9YuVaPwxo consumed 30052 of 395267 compute units
    Program LBUZKhRxPF3XUpBCjp4YzTKgLccjZhTSDM9YuVaPwxo failed: incorrect program id for instruction
    ...
    Program TokenzQdBNbLqP5VEhdkAS6EPFLC1PHnBqCXEpPxuEb consumed 1305 of 366520 compute units
    Program TokenzQdBNbLqP5VEhdkAS6EPFLC1PHnBqCXEpPxuEb failed: incorrect program id for instruction
    Program LBUZKhRxPF3XUpBCjp4YzTKgLccjZhTSDM9YuVaPwxo consumed 30052 of 395267 compute units
    Program LBUZKhRxPF3XUpBCjp4YzTKgLccjZhTSDM9YuVaPwxo failed: incorrect program id for instruction
    Program CnddPhKV1fnKE7ic5nSJcoVq2XFmQ9daE3tuqc2u6qTt consumed 34485 of 399700 compute units
    Program CnddPhKV1fnKE7ic5nSJcoVq2XFmQ9daE3tuqc2u6qTt failed: incorrect program id for instruction
RECOVER  dlmm-dlmm-dlmm id=600 custom6=False cu=34785 raw=1230 alt=False err={'InstructionError': [2, 'IncorrectProgramId']}
  simulate err={'InstructionError': [2, 'IncorrectProgramId']} cu=34785 logs=22
    Program ComputeBudget111111111111111111111111111111 invoke [1]
    Program ComputeBudget111111111111111111111111111111 success
    Program ComputeBudget111111111111111111111111111111 invoke [1]
    Program ComputeBudget111111111111111111111111111111 success
    Program CnddPhKV1fnKE7ic5nSJcoVq2XFmQ9daE3tuqc2u6qTt invoke [1]
    Program LBUZKhRxPF3XUpBCjp4YzTKgLccjZhTSDM9YuVaPwxo invoke [2]
    Program log: Instruction: Swap2
    Program LBUZKhRxPF3XUpBCjp4YzTKgLccjZhTSDM9YuVaPwxo invoke [3]
    Program LBUZKhRxPF3XUpBCjp4YzTKgLccjZhTSDM9YuVaPwxo consumed 772 of 371637 compute units
    Program LBUZKhRxPF3XUpBCjp4YzTKgLccjZhTSDM9YuVaPwxo success
    Program TokenkegQfeZyiNwAJbNbGKPFXCWuBvf9Ss623VQ5DA invoke [3]
    Program TokenkegQfeZyiNwAJbNbGKPFXCWuBvf9Ss623VQ5DA consumed 112 of 368823 compute units
    Program TokenkegQfeZyiNwAJbNbGKPFXCWuBvf9Ss623VQ5DA success
    Program TokenzQdBNbLqP5VEhdkAS6EPFLC1PHnBqCXEpPxuEb invoke [3]
    Program log: Instruction: TransferChecked
    Program log: Error: IncorrectProgramId
    Program TokenzQdBNbLqP5VEhdkAS6EPFLC1PHnBqCXEpPxuEb consumed 1305 of 366520 compute units
    Program TokenzQdBNbLqP5VEhdkAS6EPFLC1PHnBqCXEpPxuEb failed: incorrect program id for instruction
    Program LBUZKhRxPF3XUpBCjp4YzTKgLccjZhTSDM9YuVaPwxo consumed 30052 of 395267 compute units
    Program LBUZKhRxPF3XUpBCjp4YzTKgLccjZhTSDM9YuVaPwxo failed: incorrect program id for instruction
    ...
    Program TokenzQdBNbLqP5VEhdkAS6EPFLC1PHnBqCXEpPxuEb consumed 1305 of 366520 compute units
    Program TokenzQdBNbLqP5VEhdkAS6EPFLC1PHnBqCXEpPxuEb failed: incorrect program id for instruction
    Program LBUZKhRxPF3XUpBCjp4YzTKgLccjZhTSDM9YuVaPwxo consumed 30052 of 395267 compute units
    Program LBUZKhRxPF3XUpBCjp4YzTKgLccjZhTSDM9YuVaPwxo failed: incorrect program id for instruction
    Program CnddPhKV1fnKE7ic5nSJcoVq2XFmQ9daE3tuqc2u6qTt consumed 34485 of 399700 compute units
    Program CnddPhKV1fnKE7ic5nSJcoVq2XFmQ9daE3tuqc2u6qTt failed: incorrect program id for instruction
RECOVER  dlmm-dlmm-dlmm id=601 custom6=False cu=34785 raw=1230 alt=False err={'InstructionError': [2, 'IncorrectProgramId']}
  simulate err={'InstructionError': [2, 'IncorrectProgramId']} cu=34762 logs=22
    Program ComputeBudget111111111111111111111111111111 invoke [1]
    Program ComputeBudget111111111111111111111111111111 success
    Program ComputeBudget111111111111111111111111111111 invoke [1]
    Program ComputeBudget111111111111111111111111111111 success
    Program CnddPhKV1fnKE7ic5nSJcoVq2XFmQ9daE3tuqc2u6qTt invoke [1]
    Program LBUZKhRxPF3XUpBCjp4YzTKgLccjZhTSDM9YuVaPwxo invoke [2]
    Program log: Instruction: Swap2
    Program LBUZKhRxPF3XUpBCjp4YzTKgLccjZhTSDM9YuVaPwxo invoke [3]
    Program LBUZKhRxPF3XUpBCjp4YzTKgLccjZhTSDM9YuVaPwxo consumed 772 of 371660 compute units
    Program LBUZKhRxPF3XUpBCjp4YzTKgLccjZhTSDM9YuVaPwxo success
    Program TokenkegQfeZyiNwAJbNbGKPFXCWuBvf9Ss623VQ5DA invoke [3]
    Program TokenkegQfeZyiNwAJbNbGKPFXCWuBvf9Ss623VQ5DA consumed 112 of 368846 compute units
    Program TokenkegQfeZyiNwAJbNbGKPFXCWuBvf9Ss623VQ5DA success
    Program TokenzQdBNbLqP5VEhdkAS6EPFLC1PHnBqCXEpPxuEb invoke [3]
    Program log: Instruction: TransferChecked
    Program log: Error: IncorrectProgramId
    Program TokenzQdBNbLqP5VEhdkAS6EPFLC1PHnBqCXEpPxuEb consumed 1305 of 366543 compute units
    Program TokenzQdBNbLqP5VEhdkAS6EPFLC1PHnBqCXEpPxuEb failed: incorrect program id for instruction
    Program LBUZKhRxPF3XUpBCjp4YzTKgLccjZhTSDM9YuVaPwxo consumed 30029 of 395267 compute units
    Program LBUZKhRxPF3XUpBCjp4YzTKgLccjZhTSDM9YuVaPwxo failed: incorrect program id for instruction
    ...
    Program TokenzQdBNbLqP5VEhdkAS6EPFLC1PHnBqCXEpPxuEb consumed 1305 of 366543 compute units
    Program TokenzQdBNbLqP5VEhdkAS6EPFLC1PHnBqCXEpPxuEb failed: incorrect program id for instruction
    Program LBUZKhRxPF3XUpBCjp4YzTKgLccjZhTSDM9YuVaPwxo consumed 30029 of 395267 compute units
    Program LBUZKhRxPF3XUpBCjp4YzTKgLccjZhTSDM9YuVaPwxo failed: incorrect program id for instruction
    Program CnddPhKV1fnKE7ic5nSJcoVq2XFmQ9daE3tuqc2u6qTt consumed 34462 of 399700 compute units
    Program CnddPhKV1fnKE7ic5nSJcoVq2XFmQ9daE3tuqc2u6qTt failed: incorrect program id for instruction
RECOVER  dlmm-dlmm-dlmm id=603 custom6=False cu=34762 raw=1230 alt=False err={'InstructionError': [2, 'IncorrectProgramId']}
  simulate err={'InstructionError': [2, 'IncorrectProgramId']} cu=34762 logs=22
    Program ComputeBudget111111111111111111111111111111 invoke [1]
    Program ComputeBudget111111111111111111111111111111 success
    Program ComputeBudget111111111111111111111111111111 invoke [1]
    Program ComputeBudget111111111111111111111111111111 success
    Program CnddPhKV1fnKE7ic5nSJcoVq2XFmQ9daE3tuqc2u6qTt invoke [1]
    Program LBUZKhRxPF3XUpBCjp4YzTKgLccjZhTSDM9YuVaPwxo invoke [2]
    Program log: Instruction: Swap2
    Program LBUZKhRxPF3XUpBCjp4YzTKgLccjZhTSDM9YuVaPwxo invoke [3]
    Program LBUZKhRxPF3XUpBCjp4YzTKgLccjZhTSDM9YuVaPwxo consumed 772 of 371660 compute units
    Program LBUZKhRxPF3XUpBCjp4YzTKgLccjZhTSDM9YuVaPwxo success
    Program TokenkegQfeZyiNwAJbNbGKPFXCWuBvf9Ss623VQ5DA invoke [3]
    Program TokenkegQfeZyiNwAJbNbGKPFXCWuBvf9Ss623VQ5DA consumed 112 of 368846 compute units
    Program TokenkegQfeZyiNwAJbNbGKPFXCWuBvf9Ss623VQ5DA success
    Program TokenzQdBNbLqP5VEhdkAS6EPFLC1PHnBqCXEpPxuEb invoke [3]
    Program log: Instruction: TransferChecked
    Program log: Error: IncorrectProgramId
    Program TokenzQdBNbLqP5VEhdkAS6EPFLC1PHnBqCXEpPxuEb consumed 1305 of 366543 compute units
    Program TokenzQdBNbLqP5VEhdkAS6EPFLC1PHnBqCXEpPxuEb failed: incorrect program id for instruction
    Program LBUZKhRxPF3XUpBCjp4YzTKgLccjZhTSDM9YuVaPwxo consumed 30029 of 395267 compute units
    Program LBUZKhRxPF3XUpBCjp4YzTKgLccjZhTSDM9YuVaPwxo failed: incorrect program id for instruction
    ...
    Program TokenzQdBNbLqP5VEhdkAS6EPFLC1PHnBqCXEpPxuEb consumed 1305 of 366543 compute units
    Program TokenzQdBNbLqP5VEhdkAS6EPFLC1PHnBqCXEpPxuEb failed: incorrect program id for instruction
    Program LBUZKhRxPF3XUpBCjp4YzTKgLccjZhTSDM9YuVaPwxo consumed 30029 of 395267 compute units
    Program LBUZKhRxPF3XUpBCjp4YzTKgLccjZhTSDM9YuVaPwxo failed: incorrect program id for instruction
    Program CnddPhKV1fnKE7ic5nSJcoVq2XFmQ9daE3tuqc2u6qTt consumed 34462 of 399700 compute units
    Program CnddPhKV1fnKE7ic5nSJcoVq2XFmQ9daE3tuqc2u6qTt failed: incorrect program id for instruction
RECOVER  dlmm-dlmm-dlmm id=604 custom6=False cu=34762 raw=1230 alt=False err={'InstructionError': [2, 'IncorrectProgramId']}
  simulate err={'InstructionError': [2, 'IncorrectProgramId']} cu=34762 logs=22
    Program ComputeBudget111111111111111111111111111111 invoke [1]
    Program ComputeBudget111111111111111111111111111111 success
    Program ComputeBudget111111111111111111111111111111 invoke [1]
    Program ComputeBudget111111111111111111111111111111 success
    Program CnddPhKV1fnKE7ic5nSJcoVq2XFmQ9daE3tuqc2u6qTt invoke [1]
    Program LBUZKhRxPF3XUpBCjp4YzTKgLccjZhTSDM9YuVaPwxo invoke [2]
    Program log: Instruction: Swap2
    Program LBUZKhRxPF3XUpBCjp4YzTKgLccjZhTSDM9YuVaPwxo invoke [3]
    Program LBUZKhRxPF3XUpBCjp4YzTKgLccjZhTSDM9YuVaPwxo consumed 772 of 371660 compute units
    Program LBUZKhRxPF3XUpBCjp4YzTKgLccjZhTSDM9YuVaPwxo success
    Program TokenkegQfeZyiNwAJbNbGKPFXCWuBvf9Ss623VQ5DA invoke [3]
    Program TokenkegQfeZyiNwAJbNbGKPFXCWuBvf9Ss623VQ5DA consumed 112 of 368846 compute units
    Program TokenkegQfeZyiNwAJbNbGKPFXCWuBvf9Ss623VQ5DA success
    Program TokenzQdBNbLqP5VEhdkAS6EPFLC1PHnBqCXEpPxuEb invoke [3]
    Program log: Instruction: TransferChecked
    Program log: Error: IncorrectProgramId
    Program TokenzQdBNbLqP5VEhdkAS6EPFLC1PHnBqCXEpPxuEb consumed 1305 of 366543 compute units
    Program TokenzQdBNbLqP5VEhdkAS6EPFLC1PHnBqCXEpPxuEb failed: incorrect program id for instruction
    Program LBUZKhRxPF3XUpBCjp4YzTKgLccjZhTSDM9YuVaPwxo consumed 30029 of 395267 compute units
    Program LBUZKhRxPF3XUpBCjp4YzTKgLccjZhTSDM9YuVaPwxo failed: incorrect program id for instruction
    ...
    Program TokenzQdBNbLqP5VEhdkAS6EPFLC1PHnBqCXEpPxuEb consumed 1305 of 366543 compute units
    Program TokenzQdBNbLqP5VEhdkAS6EPFLC1PHnBqCXEpPxuEb failed: incorrect program id for instruction
    Program LBUZKhRxPF3XUpBCjp4YzTKgLccjZhTSDM9YuVaPwxo consumed 30029 of 395267 compute units
    Program LBUZKhRxPF3XUpBCjp4YzTKgLccjZhTSDM9YuVaPwxo failed: incorrect program id for instruction
    Program CnddPhKV1fnKE7ic5nSJcoVq2XFmQ9daE3tuqc2u6qTt consumed 34462 of 399700 compute units
    Program CnddPhKV1fnKE7ic5nSJcoVq2XFmQ9daE3tuqc2u6qTt failed: incorrect program id for instruction
RECOVER  dlmm-dlmm-dlmm id=605 custom6=False cu=34762 raw=1230 alt=False err={'InstructionError': [2, 'IncorrectProgramId']}
  simulate err={'InstructionError': [2, 'IncorrectProgramId']} cu=34762 logs=22
    Program ComputeBudget111111111111111111111111111111 invoke [1]
    Program ComputeBudget111111111111111111111111111111 success
    Program ComputeBudget111111111111111111111111111111 invoke [1]
    Program ComputeBudget111111111111111111111111111111 success
    Program CnddPhKV1fnKE7ic5nSJcoVq2XFmQ9daE3tuqc2u6qTt invoke [1]
    Program LBUZKhRxPF3XUpBCjp4YzTKgLccjZhTSDM9YuVaPwxo invoke [2]
    Program log: Instruction: Swap2
    Program LBUZKhRxPF3XUpBCjp4YzTKgLccjZhTSDM9YuVaPwxo invoke [3]
    Program LBUZKhRxPF3XUpBCjp4YzTKgLccjZhTSDM9YuVaPwxo consumed 772 of 371660 compute units
    Program LBUZKhRxPF3XUpBCjp4YzTKgLccjZhTSDM9YuVaPwxo success
    Program TokenkegQfeZyiNwAJbNbGKPFXCWuBvf9Ss623VQ5DA invoke [3]
    Program TokenkegQfeZyiNwAJbNbGKPFXCWuBvf9Ss623VQ5DA consumed 112 of 368846 compute units
    Program TokenkegQfeZyiNwAJbNbGKPFXCWuBvf9Ss623VQ5DA success
    Program TokenzQdBNbLqP5VEhdkAS6EPFLC1PHnBqCXEpPxuEb invoke [3]
    Program log: Instruction: TransferChecked
    Program log: Error: IncorrectProgramId
    Program TokenzQdBNbLqP5VEhdkAS6EPFLC1PHnBqCXEpPxuEb consumed 1305 of 366543 compute units
    Program TokenzQdBNbLqP5VEhdkAS6EPFLC1PHnBqCXEpPxuEb failed: incorrect program id for instruction
    Program LBUZKhRxPF3XUpBCjp4YzTKgLccjZhTSDM9YuVaPwxo consumed 30029 of 395267 compute units
    Program LBUZKhRxPF3XUpBCjp4YzTKgLccjZhTSDM9YuVaPwxo failed: incorrect program id for instruction
    ...
    Program TokenzQdBNbLqP5VEhdkAS6EPFLC1PHnBqCXEpPxuEb consumed 1305 of 366543 compute units
    Program TokenzQdBNbLqP5VEhdkAS6EPFLC1PHnBqCXEpPxuEb failed: incorrect program id for instruction
    Program LBUZKhRxPF3XUpBCjp4YzTKgLccjZhTSDM9YuVaPwxo consumed 30029 of 395267 compute units
    Program LBUZKhRxPF3XUpBCjp4YzTKgLccjZhTSDM9YuVaPwxo failed: incorrect program id for instruction
    Program CnddPhKV1fnKE7ic5nSJcoVq2XFmQ9daE3tuqc2u6qTt consumed 34462 of 399700 compute units
    Program CnddPhKV1fnKE7ic5nSJcoVq2XFmQ9daE3tuqc2u6qTt failed: incorrect program id for instruction
RECOVER  dlmm-dlmm-dlmm id=606 custom6=False cu=34762 raw=1230 alt=False err={'InstructionError': [2, 'IncorrectProgramId']}
  simulate err={'InstructionError': [2, 'IncorrectProgramId']} cu=34762 logs=22
    Program ComputeBudget111111111111111111111111111111 invoke [1]
    Program ComputeBudget111111111111111111111111111111 success
    Program ComputeBudget111111111111111111111111111111 invoke [1]
    Program ComputeBudget111111111111111111111111111111 success
    Program CnddPhKV1fnKE7ic5nSJcoVq2XFmQ9daE3tuqc2u6qTt invoke [1]
    Program LBUZKhRxPF3XUpBCjp4YzTKgLccjZhTSDM9YuVaPwxo invoke [2]
    Program log: Instruction: Swap2
    Program LBUZKhRxPF3XUpBCjp4YzTKgLccjZhTSDM9YuVaPwxo invoke [3]
    Program LBUZKhRxPF3XUpBCjp4YzTKgLccjZhTSDM9YuVaPwxo consumed 772 of 371660 compute units
    Program LBUZKhRxPF3XUpBCjp4YzTKgLccjZhTSDM9YuVaPwxo success
    Program TokenkegQfeZyiNwAJbNbGKPFXCWuBvf9Ss623VQ5DA invoke [3]
    Program TokenkegQfeZyiNwAJbNbGKPFXCWuBvf9Ss623VQ5DA consumed 112 of 368846 compute units
    Program TokenkegQfeZyiNwAJbNbGKPFXCWuBvf9Ss623VQ5DA success
    Program TokenzQdBNbLqP5VEhdkAS6EPFLC1PHnBqCXEpPxuEb invoke [3]
    Program log: Instruction: TransferChecked
    Program log: Error: IncorrectProgramId
    Program TokenzQdBNbLqP5VEhdkAS6EPFLC1PHnBqCXEpPxuEb consumed 1305 of 366543 compute units
    Program TokenzQdBNbLqP5VEhdkAS6EPFLC1PHnBqCXEpPxuEb failed: incorrect program id for instruction
    Program LBUZKhRxPF3XUpBCjp4YzTKgLccjZhTSDM9YuVaPwxo consumed 30029 of 395267 compute units
    Program LBUZKhRxPF3XUpBCjp4YzTKgLccjZhTSDM9YuVaPwxo failed: incorrect program id for instruction
    ...
    Program TokenzQdBNbLqP5VEhdkAS6EPFLC1PHnBqCXEpPxuEb consumed 1305 of 366543 compute units
    Program TokenzQdBNbLqP5VEhdkAS6EPFLC1PHnBqCXEpPxuEb failed: incorrect program id for instruction
    Program LBUZKhRxPF3XUpBCjp4YzTKgLccjZhTSDM9YuVaPwxo consumed 30029 of 395267 compute units
    Program LBUZKhRxPF3XUpBCjp4YzTKgLccjZhTSDM9YuVaPwxo failed: incorrect program id for instruction
    Program CnddPhKV1fnKE7ic5nSJcoVq2XFmQ9daE3tuqc2u6qTt consumed 34462 of 399700 compute units
    Program CnddPhKV1fnKE7ic5nSJcoVq2XFmQ9daE3tuqc2u6qTt failed: incorrect program id for instruction
RECOVER  dlmm-dlmm-dlmm id=607 custom6=False cu=34762 raw=1230 alt=False err={'InstructionError': [2, 'IncorrectProgramId']}
  simulate err={'InstructionError': [2, 'IncorrectProgramId']} cu=35608 logs=22
    Program ComputeBudget111111111111111111111111111111 invoke [1]
    Program ComputeBudget111111111111111111111111111111 success
    Program ComputeBudget111111111111111111111111111111 invoke [1]
    Program ComputeBudget111111111111111111111111111111 success
    Program CnddPhKV1fnKE7ic5nSJcoVq2XFmQ9daE3tuqc2u6qTt invoke [1]
    Program LBUZKhRxPF3XUpBCjp4YzTKgLccjZhTSDM9YuVaPwxo invoke [2]
    Program log: Instruction: Swap2
    Program LBUZKhRxPF3XUpBCjp4YzTKgLccjZhTSDM9YuVaPwxo invoke [3]
    Program LBUZKhRxPF3XUpBCjp4YzTKgLccjZhTSDM9YuVaPwxo consumed 772 of 370814 compute units
    Program LBUZKhRxPF3XUpBCjp4YzTKgLccjZhTSDM9YuVaPwxo success
    Program TokenkegQfeZyiNwAJbNbGKPFXCWuBvf9Ss623VQ5DA invoke [3]
    Program TokenkegQfeZyiNwAJbNbGKPFXCWuBvf9Ss623VQ5DA consumed 112 of 368000 compute units
    Program TokenkegQfeZyiNwAJbNbGKPFXCWuBvf9Ss623VQ5DA success
    Program TokenzQdBNbLqP5VEhdkAS6EPFLC1PHnBqCXEpPxuEb invoke [3]
    Program log: Instruction: TransferChecked
    Program log: Error: IncorrectProgramId
    Program TokenzQdBNbLqP5VEhdkAS6EPFLC1PHnBqCXEpPxuEb consumed 1305 of 365697 compute units
    Program TokenzQdBNbLqP5VEhdkAS6EPFLC1PHnBqCXEpPxuEb failed: incorrect program id for instruction
    Program LBUZKhRxPF3XUpBCjp4YzTKgLccjZhTSDM9YuVaPwxo consumed 30677 of 395069 compute units
    Program LBUZKhRxPF3XUpBCjp4YzTKgLccjZhTSDM9YuVaPwxo failed: incorrect program id for instruction
    ...
    Program TokenzQdBNbLqP5VEhdkAS6EPFLC1PHnBqCXEpPxuEb consumed 1305 of 365697 compute units
    Program TokenzQdBNbLqP5VEhdkAS6EPFLC1PHnBqCXEpPxuEb failed: incorrect program id for instruction
    Program LBUZKhRxPF3XUpBCjp4YzTKgLccjZhTSDM9YuVaPwxo consumed 30677 of 395069 compute units
    Program LBUZKhRxPF3XUpBCjp4YzTKgLccjZhTSDM9YuVaPwxo failed: incorrect program id for instruction
    Program CnddPhKV1fnKE7ic5nSJcoVq2XFmQ9daE3tuqc2u6qTt consumed 35308 of 399700 compute units
    Program CnddPhKV1fnKE7ic5nSJcoVq2XFmQ9daE3tuqc2u6qTt failed: incorrect program id for instruction
RECOVER  dlmm-dlmm-pump id=668 custom6=False cu=35608 raw=824 alt=True err={'InstructionError': [2, 'IncorrectProgramId']}
  simulate err={'InstructionError': [2, {'Custom': 6053}]} cu=138209 logs=60
    Program ComputeBudget111111111111111111111111111111 invoke [1]
    Program ComputeBudget111111111111111111111111111111 success
    Program ComputeBudget111111111111111111111111111111 invoke [1]
    Program ComputeBudget111111111111111111111111111111 success
    Program CnddPhKV1fnKE7ic5nSJcoVq2XFmQ9daE3tuqc2u6qTt invoke [1]
    Program LBUZKhRxPF3XUpBCjp4YzTKgLccjZhTSDM9YuVaPwxo invoke [2]
    Program log: Instruction: Swap2
    Program LBUZKhRxPF3XUpBCjp4YzTKgLccjZhTSDM9YuVaPwxo invoke [3]
    Program LBUZKhRxPF3XUpBCjp4YzTKgLccjZhTSDM9YuVaPwxo consumed 772 of 370636 compute units
    Program LBUZKhRxPF3XUpBCjp4YzTKgLccjZhTSDM9YuVaPwxo success
    Program TokenkegQfeZyiNwAJbNbGKPFXCWuBvf9Ss623VQ5DA invoke [3]
    Program TokenkegQfeZyiNwAJbNbGKPFXCWuBvf9Ss623VQ5DA consumed 112 of 367822 compute units
    Program TokenkegQfeZyiNwAJbNbGKPFXCWuBvf9Ss623VQ5DA success
    Program TokenzQdBNbLqP5VEhdkAS6EPFLC1PHnBqCXEpPxuEb invoke [3]
    Program log: Instruction: TransferChecked
    Program TokenzQdBNbLqP5VEhdkAS6EPFLC1PHnBqCXEpPxuEb consumed 2442 of 364949 compute units
    Program TokenzQdBNbLqP5VEhdkAS6EPFLC1PHnBqCXEpPxuEb success
    Program LBUZKhRxPF3XUpBCjp4YzTKgLccjZhTSDM9YuVaPwxo invoke [3]
    Program LBUZKhRxPF3XUpBCjp4YzTKgLccjZhTSDM9YuVaPwxo consumed 772 of 359796 compute units
    Program LBUZKhRxPF3XUpBCjp4YzTKgLccjZhTSDM9YuVaPwxo success
    ...
    Program TokenkegQfeZyiNwAJbNbGKPFXCWuBvf9Ss623VQ5DA success
    Program log: AnchorError thrown in programs/pump-amm/src/state/global_config.rs:326. Error Code: BuybackFeeRecipientNotAuthorized. Error Number: 6053. Error Message: Buyback fee re
    Program pAMMBay6oceH9fJKBRHGP5D4bD4sWpmSwMn52FMfXEA consumed 50375 of 312166 compute units
    Program pAMMBay6oceH9fJKBRHGP5D4bD4sWpmSwMn52FMfXEA failed: custom program error: 0x17a5
    Program CnddPhKV1fnKE7ic5nSJcoVq2XFmQ9daE3tuqc2u6qTt consumed 137909 of 399700 compute units
    Program CnddPhKV1fnKE7ic5nSJcoVq2XFmQ9daE3tuqc2u6qTt failed: custom program error: 0x17a5
RECOVER  dlmm-dlmm-pump id=846 custom6=False cu=138209 raw=1010 alt=True err={'InstructionError': [2, {'Custom': 6053}]}
  simulate err={'InstructionError': [2, 'IncorrectProgramId']} cu=165528 logs=70
    Program ComputeBudget111111111111111111111111111111 invoke [1]
    Program ComputeBudget111111111111111111111111111111 success
    Program ComputeBudget111111111111111111111111111111 invoke [1]
    Program ComputeBudget111111111111111111111111111111 success
    Program CnddPhKV1fnKE7ic5nSJcoVq2XFmQ9daE3tuqc2u6qTt invoke [1]
    Program pAMMBay6oceH9fJKBRHGP5D4bD4sWpmSwMn52FMfXEA invoke [2]
    Program log: Instruction: BuyExactQuoteIn
    Program 11111111111111111111111111111111 invoke [3]
    Program 11111111111111111111111111111111 success
    Program pfeeUxB6jkeY1Hxd7CsFCAjcbHA9rWtchMGdZ6VojVZ invoke [3]
    Program log: Instruction: GetFeesWithQuoteMint
    Program pfeeUxB6jkeY1Hxd7CsFCAjcbHA9rWtchMGdZ6VojVZ consumed 5813 of 350470 compute units
    Program return: pfeeUxB6jkeY1Hxd7CsFCAjcbHA9rWtchMGdZ6VojVZ FAAAAAAAAAAFAAAAAAAAAAoAAAAAAAAA
    Program pfeeUxB6jkeY1Hxd7CsFCAjcbHA9rWtchMGdZ6VojVZ success
    Program TokenzQdBNbLqP5VEhdkAS6EPFLC1PHnBqCXEpPxuEb invoke [3]
    Program log: Instruction: TransferChecked
    Program TokenzQdBNbLqP5VEhdkAS6EPFLC1PHnBqCXEpPxuEb consumed 2562 of 339285 compute units
    Program TokenzQdBNbLqP5VEhdkAS6EPFLC1PHnBqCXEpPxuEb success
    Program TokenkegQfeZyiNwAJbNbGKPFXCWuBvf9Ss623VQ5DA invoke [3]
    Program TokenkegQfeZyiNwAJbNbGKPFXCWuBvf9Ss623VQ5DA consumed 112 of 334219 compute units
    ...
    Program TokenzQdBNbLqP5VEhdkAS6EPFLC1PHnBqCXEpPxuEb consumed 1305 of 235777 compute units
    Program TokenzQdBNbLqP5VEhdkAS6EPFLC1PHnBqCXEpPxuEb failed: incorrect program id for instruction
    Program LBUZKhRxPF3XUpBCjp4YzTKgLccjZhTSDM9YuVaPwxo consumed 30136 of 264608 compute units
    Program LBUZKhRxPF3XUpBCjp4YzTKgLccjZhTSDM9YuVaPwxo failed: incorrect program id for instruction
    Program CnddPhKV1fnKE7ic5nSJcoVq2XFmQ9daE3tuqc2u6qTt consumed 165228 of 399700 compute units
    Program CnddPhKV1fnKE7ic5nSJcoVq2XFmQ9daE3tuqc2u6qTt failed: incorrect program id for instruction
RECOVER  pump-dlmm-dlmm id=1316 custom6=False cu=165528 raw=1076 alt=True err={'InstructionError': [2, 'IncorrectProgramId']}
  simulate err={'InstructionError': [2, 'IncorrectProgramId']} cu=167017 logs=70
    Program ComputeBudget111111111111111111111111111111 invoke [1]
    Program ComputeBudget111111111111111111111111111111 success
    Program ComputeBudget111111111111111111111111111111 invoke [1]
    Program ComputeBudget111111111111111111111111111111 success
    Program CnddPhKV1fnKE7ic5nSJcoVq2XFmQ9daE3tuqc2u6qTt invoke [1]
    Program pAMMBay6oceH9fJKBRHGP5D4bD4sWpmSwMn52FMfXEA invoke [2]
    Program log: Instruction: BuyExactQuoteIn
    Program 11111111111111111111111111111111 invoke [3]
    Program 11111111111111111111111111111111 success
    Program pfeeUxB6jkeY1Hxd7CsFCAjcbHA9rWtchMGdZ6VojVZ invoke [3]
    Program log: Instruction: GetFeesWithQuoteMint
    Program pfeeUxB6jkeY1Hxd7CsFCAjcbHA9rWtchMGdZ6VojVZ consumed 5785 of 348969 compute units
    Program return: pfeeUxB6jkeY1Hxd7CsFCAjcbHA9rWtchMGdZ6VojVZ FAAAAAAAAAAFAAAAAAAAAAUAAAAAAAAA
    Program pfeeUxB6jkeY1Hxd7CsFCAjcbHA9rWtchMGdZ6VojVZ success
    Program TokenzQdBNbLqP5VEhdkAS6EPFLC1PHnBqCXEpPxuEb invoke [3]
    Program log: Instruction: TransferChecked
    Program TokenzQdBNbLqP5VEhdkAS6EPFLC1PHnBqCXEpPxuEb consumed 2562 of 337812 compute units
    Program TokenzQdBNbLqP5VEhdkAS6EPFLC1PHnBqCXEpPxuEb success
    Program TokenkegQfeZyiNwAJbNbGKPFXCWuBvf9Ss623VQ5DA invoke [3]
    Program TokenkegQfeZyiNwAJbNbGKPFXCWuBvf9Ss623VQ5DA consumed 112 of 332746 compute units
    ...
    Program TokenzQdBNbLqP5VEhdkAS6EPFLC1PHnBqCXEpPxuEb consumed 1305 of 234288 compute units
    Program TokenzQdBNbLqP5VEhdkAS6EPFLC1PHnBqCXEpPxuEb failed: incorrect program id for instruction
    Program LBUZKhRxPF3XUpBCjp4YzTKgLccjZhTSDM9YuVaPwxo consumed 30124 of 263107 compute units
    Program LBUZKhRxPF3XUpBCjp4YzTKgLccjZhTSDM9YuVaPwxo failed: incorrect program id for instruction
    Program CnddPhKV1fnKE7ic5nSJcoVq2XFmQ9daE3tuqc2u6qTt consumed 166717 of 399700 compute units
    Program CnddPhKV1fnKE7ic5nSJcoVq2XFmQ9daE3tuqc2u6qTt failed: incorrect program id for instruction
RECOVER  pump-dlmm-dlmm id=1329 custom6=False cu=167017 raw=642 alt=True err={'InstructionError': [2, 'IncorrectProgramId']}
  simulate err={'InstructionError': [2, 'IncorrectProgramId']} cu=167082 logs=70
    Program ComputeBudget111111111111111111111111111111 invoke [1]
    Program ComputeBudget111111111111111111111111111111 success
    Program ComputeBudget111111111111111111111111111111 invoke [1]
    Program ComputeBudget111111111111111111111111111111 success
    Program CnddPhKV1fnKE7ic5nSJcoVq2XFmQ9daE3tuqc2u6qTt invoke [1]
    Program pAMMBay6oceH9fJKBRHGP5D4bD4sWpmSwMn52FMfXEA invoke [2]
    Program log: Instruction: BuyExactQuoteIn
    Program 11111111111111111111111111111111 invoke [3]
    Program 11111111111111111111111111111111 success
    Program pfeeUxB6jkeY1Hxd7CsFCAjcbHA9rWtchMGdZ6VojVZ invoke [3]
    Program log: Instruction: GetFeesWithQuoteMint
    Program pfeeUxB6jkeY1Hxd7CsFCAjcbHA9rWtchMGdZ6VojVZ consumed 5785 of 348969 compute units
    Program return: pfeeUxB6jkeY1Hxd7CsFCAjcbHA9rWtchMGdZ6VojVZ FAAAAAAAAAAFAAAAAAAAAAUAAAAAAAAA
    Program pfeeUxB6jkeY1Hxd7CsFCAjcbHA9rWtchMGdZ6VojVZ success
    Program TokenzQdBNbLqP5VEhdkAS6EPFLC1PHnBqCXEpPxuEb invoke [3]
    Program log: Instruction: TransferChecked
    Program TokenzQdBNbLqP5VEhdkAS6EPFLC1PHnBqCXEpPxuEb consumed 2562 of 337812 compute units
    Program TokenzQdBNbLqP5VEhdkAS6EPFLC1PHnBqCXEpPxuEb success
    Program TokenkegQfeZyiNwAJbNbGKPFXCWuBvf9Ss623VQ5DA invoke [3]
    Program TokenkegQfeZyiNwAJbNbGKPFXCWuBvf9Ss623VQ5DA consumed 112 of 332746 compute units
    ...
    Program TokenzQdBNbLqP5VEhdkAS6EPFLC1PHnBqCXEpPxuEb consumed 1305 of 234223 compute units
    Program TokenzQdBNbLqP5VEhdkAS6EPFLC1PHnBqCXEpPxuEb failed: incorrect program id for instruction
    Program LBUZKhRxPF3XUpBCjp4YzTKgLccjZhTSDM9YuVaPwxo consumed 30189 of 263107 compute units
    Program LBUZKhRxPF3XUpBCjp4YzTKgLccjZhTSDM9YuVaPwxo failed: incorrect program id for instruction
    Program CnddPhKV1fnKE7ic5nSJcoVq2XFmQ9daE3tuqc2u6qTt consumed 166782 of 399700 compute units
    Program CnddPhKV1fnKE7ic5nSJcoVq2XFmQ9daE3tuqc2u6qTt failed: incorrect program id for instruction
RECOVER  pump-dlmm-dlmm id=1330 custom6=False cu=167082 raw=828 alt=True err={'InstructionError': [2, 'IncorrectProgramId']}
  simulate err={'InstructionError': [2, 'IncorrectProgramId']} cu=167041 logs=70
    Program ComputeBudget111111111111111111111111111111 invoke [1]
    Program ComputeBudget111111111111111111111111111111 success
    Program ComputeBudget111111111111111111111111111111 invoke [1]
    Program ComputeBudget111111111111111111111111111111 success
    Program CnddPhKV1fnKE7ic5nSJcoVq2XFmQ9daE3tuqc2u6qTt invoke [1]
    Program pAMMBay6oceH9fJKBRHGP5D4bD4sWpmSwMn52FMfXEA invoke [2]
    Program log: Instruction: BuyExactQuoteIn
    Program 11111111111111111111111111111111 invoke [3]
    Program 11111111111111111111111111111111 success
    Program pfeeUxB6jkeY1Hxd7CsFCAjcbHA9rWtchMGdZ6VojVZ invoke [3]
    Program log: Instruction: GetFeesWithQuoteMint
    Program pfeeUxB6jkeY1Hxd7CsFCAjcbHA9rWtchMGdZ6VojVZ consumed 5785 of 348969 compute units
    Program return: pfeeUxB6jkeY1Hxd7CsFCAjcbHA9rWtchMGdZ6VojVZ FAAAAAAAAAAFAAAAAAAAAAUAAAAAAAAA
    Program pfeeUxB6jkeY1Hxd7CsFCAjcbHA9rWtchMGdZ6VojVZ success
    Program TokenzQdBNbLqP5VEhdkAS6EPFLC1PHnBqCXEpPxuEb invoke [3]
    Program log: Instruction: TransferChecked
    Program TokenzQdBNbLqP5VEhdkAS6EPFLC1PHnBqCXEpPxuEb consumed 2562 of 337812 compute units
    Program TokenzQdBNbLqP5VEhdkAS6EPFLC1PHnBqCXEpPxuEb success
    Program TokenkegQfeZyiNwAJbNbGKPFXCWuBvf9Ss623VQ5DA invoke [3]
    Program TokenkegQfeZyiNwAJbNbGKPFXCWuBvf9Ss623VQ5DA consumed 112 of 332746 compute units
    ...
    Program TokenzQdBNbLqP5VEhdkAS6EPFLC1PHnBqCXEpPxuEb consumed 1305 of 234264 compute units
    Program TokenzQdBNbLqP5VEhdkAS6EPFLC1PHnBqCXEpPxuEb failed: incorrect program id for instruction
    Program LBUZKhRxPF3XUpBCjp4YzTKgLccjZhTSDM9YuVaPwxo consumed 30134 of 263093 compute units
    Program LBUZKhRxPF3XUpBCjp4YzTKgLccjZhTSDM9YuVaPwxo failed: incorrect program id for instruction
    Program CnddPhKV1fnKE7ic5nSJcoVq2XFmQ9daE3tuqc2u6qTt consumed 166741 of 399700 compute units
    Program CnddPhKV1fnKE7ic5nSJcoVq2XFmQ9daE3tuqc2u6qTt failed: incorrect program id for instruction
RECOVER  pump-dlmm-dlmm id=1331 custom6=False cu=167041 raw=828 alt=True err={'InstructionError': [2, 'IncorrectProgramId']}
  simulate err={'InstructionError': [2, 'IncorrectProgramId']} cu=167239 logs=70
    Program ComputeBudget111111111111111111111111111111 invoke [1]
    Program ComputeBudget111111111111111111111111111111 success
    Program ComputeBudget111111111111111111111111111111 invoke [1]
    Program ComputeBudget111111111111111111111111111111 success
    Program CnddPhKV1fnKE7ic5nSJcoVq2XFmQ9daE3tuqc2u6qTt invoke [1]
    Program pAMMBay6oceH9fJKBRHGP5D4bD4sWpmSwMn52FMfXEA invoke [2]
    Program log: Instruction: BuyExactQuoteIn
    Program 11111111111111111111111111111111 invoke [3]
    Program 11111111111111111111111111111111 success
    Program pfeeUxB6jkeY1Hxd7CsFCAjcbHA9rWtchMGdZ6VojVZ invoke [3]
    Program log: Instruction: GetFeesWithQuoteMint
    Program pfeeUxB6jkeY1Hxd7CsFCAjcbHA9rWtchMGdZ6VojVZ consumed 5785 of 348969 compute units
    Program return: pfeeUxB6jkeY1Hxd7CsFCAjcbHA9rWtchMGdZ6VojVZ FAAAAAAAAAAFAAAAAAAAAAUAAAAAAAAA
    Program pfeeUxB6jkeY1Hxd7CsFCAjcbHA9rWtchMGdZ6VojVZ success
    Program TokenzQdBNbLqP5VEhdkAS6EPFLC1PHnBqCXEpPxuEb invoke [3]
    Program log: Instruction: TransferChecked
    Program TokenzQdBNbLqP5VEhdkAS6EPFLC1PHnBqCXEpPxuEb consumed 2562 of 337812 compute units
    Program TokenzQdBNbLqP5VEhdkAS6EPFLC1PHnBqCXEpPxuEb success
    Program TokenkegQfeZyiNwAJbNbGKPFXCWuBvf9Ss623VQ5DA invoke [3]
    Program TokenkegQfeZyiNwAJbNbGKPFXCWuBvf9Ss623VQ5DA consumed 112 of 332746 compute units
    ...
    Program TokenzQdBNbLqP5VEhdkAS6EPFLC1PHnBqCXEpPxuEb consumed 1305 of 234066 compute units
    Program TokenzQdBNbLqP5VEhdkAS6EPFLC1PHnBqCXEpPxuEb failed: incorrect program id for instruction
    Program LBUZKhRxPF3XUpBCjp4YzTKgLccjZhTSDM9YuVaPwxo consumed 30348 of 263109 compute units
    Program LBUZKhRxPF3XUpBCjp4YzTKgLccjZhTSDM9YuVaPwxo failed: incorrect program id for instruction
    Program CnddPhKV1fnKE7ic5nSJcoVq2XFmQ9daE3tuqc2u6qTt consumed 166939 of 399700 compute units
    Program CnddPhKV1fnKE7ic5nSJcoVq2XFmQ9daE3tuqc2u6qTt failed: incorrect program id for instruction
RECOVER  pump-dlmm-dlmm id=1332 custom6=False cu=167239 raw=828 alt=True err={'InstructionError': [2, 'IncorrectProgramId']}
  simulate err={'InstructionError': [2, 'IncorrectProgramId']} cu=167247 logs=70
    Program ComputeBudget111111111111111111111111111111 invoke [1]
    Program ComputeBudget111111111111111111111111111111 success
    Program ComputeBudget111111111111111111111111111111 invoke [1]
    Program ComputeBudget111111111111111111111111111111 success
    Program CnddPhKV1fnKE7ic5nSJcoVq2XFmQ9daE3tuqc2u6qTt invoke [1]
    Program pAMMBay6oceH9fJKBRHGP5D4bD4sWpmSwMn52FMfXEA invoke [2]
    Program log: Instruction: BuyExactQuoteIn
    Program 11111111111111111111111111111111 invoke [3]
    Program 11111111111111111111111111111111 success
    Program pfeeUxB6jkeY1Hxd7CsFCAjcbHA9rWtchMGdZ6VojVZ invoke [3]
    Program log: Instruction: GetFeesWithQuoteMint
    Program pfeeUxB6jkeY1Hxd7CsFCAjcbHA9rWtchMGdZ6VojVZ consumed 5785 of 348969 compute units
    Program return: pfeeUxB6jkeY1Hxd7CsFCAjcbHA9rWtchMGdZ6VojVZ FAAAAAAAAAAFAAAAAAAAAAUAAAAAAAAA
    Program pfeeUxB6jkeY1Hxd7CsFCAjcbHA9rWtchMGdZ6VojVZ success
    Program TokenzQdBNbLqP5VEhdkAS6EPFLC1PHnBqCXEpPxuEb invoke [3]
    Program log: Instruction: TransferChecked
    Program TokenzQdBNbLqP5VEhdkAS6EPFLC1PHnBqCXEpPxuEb consumed 2562 of 337812 compute units
    Program TokenzQdBNbLqP5VEhdkAS6EPFLC1PHnBqCXEpPxuEb success
    Program TokenkegQfeZyiNwAJbNbGKPFXCWuBvf9Ss623VQ5DA invoke [3]
    Program TokenkegQfeZyiNwAJbNbGKPFXCWuBvf9Ss623VQ5DA consumed 112 of 332746 compute units
    ...
    Program TokenzQdBNbLqP5VEhdkAS6EPFLC1PHnBqCXEpPxuEb consumed 1305 of 234058 compute units
    Program TokenzQdBNbLqP5VEhdkAS6EPFLC1PHnBqCXEpPxuEb failed: incorrect program id for instruction
    Program LBUZKhRxPF3XUpBCjp4YzTKgLccjZhTSDM9YuVaPwxo consumed 30356 of 263109 compute units
    Program LBUZKhRxPF3XUpBCjp4YzTKgLccjZhTSDM9YuVaPwxo failed: incorrect program id for instruction
    Program CnddPhKV1fnKE7ic5nSJcoVq2XFmQ9daE3tuqc2u6qTt consumed 166947 of 399700 compute units
    Program CnddPhKV1fnKE7ic5nSJcoVq2XFmQ9daE3tuqc2u6qTt failed: incorrect program id for instruction
RECOVER  pump-dlmm-dlmm id=1333 custom6=False cu=167247 raw=828 alt=True err={'InstructionError': [2, 'IncorrectProgramId']}
  simulate err={'InstructionError': [2, 'IncorrectProgramId']} cu=167287 logs=70
    Program ComputeBudget111111111111111111111111111111 invoke [1]
    Program ComputeBudget111111111111111111111111111111 success
    Program ComputeBudget111111111111111111111111111111 invoke [1]
    Program ComputeBudget111111111111111111111111111111 success
    Program CnddPhKV1fnKE7ic5nSJcoVq2XFmQ9daE3tuqc2u6qTt invoke [1]
    Program pAMMBay6oceH9fJKBRHGP5D4bD4sWpmSwMn52FMfXEA invoke [2]
    Program log: Instruction: BuyExactQuoteIn
    Program 11111111111111111111111111111111 invoke [3]
    Program 11111111111111111111111111111111 success
    Program pfeeUxB6jkeY1Hxd7CsFCAjcbHA9rWtchMGdZ6VojVZ invoke [3]
    Program log: Instruction: GetFeesWithQuoteMint
    Program pfeeUxB6jkeY1Hxd7CsFCAjcbHA9rWtchMGdZ6VojVZ consumed 5785 of 348969 compute units
    Program return: pfeeUxB6jkeY1Hxd7CsFCAjcbHA9rWtchMGdZ6VojVZ FAAAAAAAAAAFAAAAAAAAAAUAAAAAAAAA
    Program pfeeUxB6jkeY1Hxd7CsFCAjcbHA9rWtchMGdZ6VojVZ success
    Program TokenzQdBNbLqP5VEhdkAS6EPFLC1PHnBqCXEpPxuEb invoke [3]
    Program log: Instruction: TransferChecked
    Program TokenzQdBNbLqP5VEhdkAS6EPFLC1PHnBqCXEpPxuEb consumed 2562 of 337812 compute units
    Program TokenzQdBNbLqP5VEhdkAS6EPFLC1PHnBqCXEpPxuEb success
    Program TokenkegQfeZyiNwAJbNbGKPFXCWuBvf9Ss623VQ5DA invoke [3]
    Program TokenkegQfeZyiNwAJbNbGKPFXCWuBvf9Ss623VQ5DA consumed 112 of 332746 compute units
    ...
    Program TokenzQdBNbLqP5VEhdkAS6EPFLC1PHnBqCXEpPxuEb consumed 1305 of 234018 compute units
    Program TokenzQdBNbLqP5VEhdkAS6EPFLC1PHnBqCXEpPxuEb failed: incorrect program id for instruction
    Program LBUZKhRxPF3XUpBCjp4YzTKgLccjZhTSDM9YuVaPwxo consumed 30396 of 263109 compute units
    Program LBUZKhRxPF3XUpBCjp4YzTKgLccjZhTSDM9YuVaPwxo failed: incorrect program id for instruction
    Program CnddPhKV1fnKE7ic5nSJcoVq2XFmQ9daE3tuqc2u6qTt consumed 166987 of 399700 compute units
    Program CnddPhKV1fnKE7ic5nSJcoVq2XFmQ9daE3tuqc2u6qTt failed: incorrect program id for instruction
RECOVER  pump-dlmm-dlmm id=1334 custom6=False cu=167287 raw=828 alt=True err={'InstructionError': [2, 'IncorrectProgramId']}
  simulate err={'InstructionError': [2, 'IncorrectProgramId']} cu=167245 logs=70
    Program ComputeBudget111111111111111111111111111111 invoke [1]
    Program ComputeBudget111111111111111111111111111111 success
    Program ComputeBudget111111111111111111111111111111 invoke [1]
    Program ComputeBudget111111111111111111111111111111 success
    Program CnddPhKV1fnKE7ic5nSJcoVq2XFmQ9daE3tuqc2u6qTt invoke [1]
    Program pAMMBay6oceH9fJKBRHGP5D4bD4sWpmSwMn52FMfXEA invoke [2]
    Program log: Instruction: BuyExactQuoteIn
    Program 11111111111111111111111111111111 invoke [3]
    Program 11111111111111111111111111111111 success
    Program pfeeUxB6jkeY1Hxd7CsFCAjcbHA9rWtchMGdZ6VojVZ invoke [3]
    Program log: Instruction: GetFeesWithQuoteMint
    Program pfeeUxB6jkeY1Hxd7CsFCAjcbHA9rWtchMGdZ6VojVZ consumed 5785 of 348969 compute units
    Program return: pfeeUxB6jkeY1Hxd7CsFCAjcbHA9rWtchMGdZ6VojVZ FAAAAAAAAAAFAAAAAAAAAAUAAAAAAAAA
    Program pfeeUxB6jkeY1Hxd7CsFCAjcbHA9rWtchMGdZ6VojVZ success
    Program TokenzQdBNbLqP5VEhdkAS6EPFLC1PHnBqCXEpPxuEb invoke [3]
    Program log: Instruction: TransferChecked
    Program TokenzQdBNbLqP5VEhdkAS6EPFLC1PHnBqCXEpPxuEb consumed 2562 of 337812 compute units
    Program TokenzQdBNbLqP5VEhdkAS6EPFLC1PHnBqCXEpPxuEb success
    Program TokenkegQfeZyiNwAJbNbGKPFXCWuBvf9Ss623VQ5DA invoke [3]
    Program TokenkegQfeZyiNwAJbNbGKPFXCWuBvf9Ss623VQ5DA consumed 112 of 332746 compute units
    ...
    Program TokenzQdBNbLqP5VEhdkAS6EPFLC1PHnBqCXEpPxuEb consumed 1305 of 234060 compute units
    Program TokenzQdBNbLqP5VEhdkAS6EPFLC1PHnBqCXEpPxuEb failed: incorrect program id for instruction
    Program LBUZKhRxPF3XUpBCjp4YzTKgLccjZhTSDM9YuVaPwxo consumed 30354 of 263109 compute units
    Program LBUZKhRxPF3XUpBCjp4YzTKgLccjZhTSDM9YuVaPwxo failed: incorrect program id for instruction
    Program CnddPhKV1fnKE7ic5nSJcoVq2XFmQ9daE3tuqc2u6qTt consumed 166945 of 399700 compute units
    Program CnddPhKV1fnKE7ic5nSJcoVq2XFmQ9daE3tuqc2u6qTt failed: incorrect program id for instruction
RECOVER  pump-dlmm-dlmm id=1335 custom6=False cu=167245 raw=828 alt=True err={'InstructionError': [2, 'IncorrectProgramId']}
  simulate err={'InstructionError': [2, 'IncorrectProgramId']} cu=167053 logs=70
    Program ComputeBudget111111111111111111111111111111 invoke [1]
    Program ComputeBudget111111111111111111111111111111 success
    Program ComputeBudget111111111111111111111111111111 invoke [1]
    Program ComputeBudget111111111111111111111111111111 success
    Program CnddPhKV1fnKE7ic5nSJcoVq2XFmQ9daE3tuqc2u6qTt invoke [1]
    Program pAMMBay6oceH9fJKBRHGP5D4bD4sWpmSwMn52FMfXEA invoke [2]
    Program log: Instruction: BuyExactQuoteIn
    Program 11111111111111111111111111111111 invoke [3]
    Program 11111111111111111111111111111111 success
    Program pfeeUxB6jkeY1Hxd7CsFCAjcbHA9rWtchMGdZ6VojVZ invoke [3]
    Program log: Instruction: GetFeesWithQuoteMint
    Program pfeeUxB6jkeY1Hxd7CsFCAjcbHA9rWtchMGdZ6VojVZ consumed 5785 of 348969 compute units
    Program return: pfeeUxB6jkeY1Hxd7CsFCAjcbHA9rWtchMGdZ6VojVZ FAAAAAAAAAAFAAAAAAAAAAUAAAAAAAAA
    Program pfeeUxB6jkeY1Hxd7CsFCAjcbHA9rWtchMGdZ6VojVZ success
    Program TokenzQdBNbLqP5VEhdkAS6EPFLC1PHnBqCXEpPxuEb invoke [3]
    Program log: Instruction: TransferChecked
    Program TokenzQdBNbLqP5VEhdkAS6EPFLC1PHnBqCXEpPxuEb consumed 2562 of 337812 compute units
    Program TokenzQdBNbLqP5VEhdkAS6EPFLC1PHnBqCXEpPxuEb success
    Program TokenkegQfeZyiNwAJbNbGKPFXCWuBvf9Ss623VQ5DA invoke [3]
    Program TokenkegQfeZyiNwAJbNbGKPFXCWuBvf9Ss623VQ5DA consumed 112 of 332746 compute units
    ...
    Program TokenzQdBNbLqP5VEhdkAS6EPFLC1PHnBqCXEpPxuEb consumed 1305 of 234252 compute units
    Program TokenzQdBNbLqP5VEhdkAS6EPFLC1PHnBqCXEpPxuEb failed: incorrect program id for instruction
    Program LBUZKhRxPF3XUpBCjp4YzTKgLccjZhTSDM9YuVaPwxo consumed 30162 of 263109 compute units
    Program LBUZKhRxPF3XUpBCjp4YzTKgLccjZhTSDM9YuVaPwxo failed: incorrect program id for instruction
    Program CnddPhKV1fnKE7ic5nSJcoVq2XFmQ9daE3tuqc2u6qTt consumed 166753 of 399700 compute units
    Program CnddPhKV1fnKE7ic5nSJcoVq2XFmQ9daE3tuqc2u6qTt failed: incorrect program id for instruction
RECOVER  pump-dlmm-dlmm id=1337 custom6=False cu=167053 raw=828 alt=True err={'InstructionError': [2, 'IncorrectProgramId']}
  simulate err={'InstructionError': [2, 'IncorrectProgramId']} cu=167106 logs=70
    Program ComputeBudget111111111111111111111111111111 invoke [1]
    Program ComputeBudget111111111111111111111111111111 success
    Program ComputeBudget111111111111111111111111111111 invoke [1]
    Program ComputeBudget111111111111111111111111111111 success
    Program CnddPhKV1fnKE7ic5nSJcoVq2XFmQ9daE3tuqc2u6qTt invoke [1]
    Program pAMMBay6oceH9fJKBRHGP5D4bD4sWpmSwMn52FMfXEA invoke [2]
    Program log: Instruction: BuyExactQuoteIn
    Program 11111111111111111111111111111111 invoke [3]
    Program 11111111111111111111111111111111 success
    Program pfeeUxB6jkeY1Hxd7CsFCAjcbHA9rWtchMGdZ6VojVZ invoke [3]
    Program log: Instruction: GetFeesWithQuoteMint
    Program pfeeUxB6jkeY1Hxd7CsFCAjcbHA9rWtchMGdZ6VojVZ consumed 5785 of 348969 compute units
    Program return: pfeeUxB6jkeY1Hxd7CsFCAjcbHA9rWtchMGdZ6VojVZ FAAAAAAAAAAFAAAAAAAAAAUAAAAAAAAA
    Program pfeeUxB6jkeY1Hxd7CsFCAjcbHA9rWtchMGdZ6VojVZ success
    Program TokenzQdBNbLqP5VEhdkAS6EPFLC1PHnBqCXEpPxuEb invoke [3]
    Program log: Instruction: TransferChecked
    Program TokenzQdBNbLqP5VEhdkAS6EPFLC1PHnBqCXEpPxuEb consumed 2562 of 337812 compute units
    Program TokenzQdBNbLqP5VEhdkAS6EPFLC1PHnBqCXEpPxuEb success
    Program TokenkegQfeZyiNwAJbNbGKPFXCWuBvf9Ss623VQ5DA invoke [3]
    Program TokenkegQfeZyiNwAJbNbGKPFXCWuBvf9Ss623VQ5DA consumed 112 of 332746 compute units
    ...
    Program TokenzQdBNbLqP5VEhdkAS6EPFLC1PHnBqCXEpPxuEb consumed 1305 of 234199 compute units
    Program TokenzQdBNbLqP5VEhdkAS6EPFLC1PHnBqCXEpPxuEb failed: incorrect program id for instruction
    Program LBUZKhRxPF3XUpBCjp4YzTKgLccjZhTSDM9YuVaPwxo consumed 30215 of 263109 compute units
    Program LBUZKhRxPF3XUpBCjp4YzTKgLccjZhTSDM9YuVaPwxo failed: incorrect program id for instruction
    Program CnddPhKV1fnKE7ic5nSJcoVq2XFmQ9daE3tuqc2u6qTt consumed 166806 of 399700 compute units
    Program CnddPhKV1fnKE7ic5nSJcoVq2XFmQ9daE3tuqc2u6qTt failed: incorrect program id for instruction
RECOVER  pump-dlmm-dlmm id=1338 custom6=False cu=167106 raw=828 alt=True err={'InstructionError': [2, 'IncorrectProgramId']}
  simulate err={'InstructionError': [2, 'IncorrectProgramId']} cu=165127 logs=67
    Program ComputeBudget111111111111111111111111111111 invoke [1]
    Program ComputeBudget111111111111111111111111111111 success
    Program ComputeBudget111111111111111111111111111111 invoke [1]
    Program ComputeBudget111111111111111111111111111111 success
    Program CnddPhKV1fnKE7ic5nSJcoVq2XFmQ9daE3tuqc2u6qTt invoke [1]
    Program pAMMBay6oceH9fJKBRHGP5D4bD4sWpmSwMn52FMfXEA invoke [2]
    Program log: Instruction: BuyExactQuoteIn
    Program 11111111111111111111111111111111 invoke [3]
    Program 11111111111111111111111111111111 success
    Program pfeeUxB6jkeY1Hxd7CsFCAjcbHA9rWtchMGdZ6VojVZ invoke [3]
    Program log: Instruction: GetFeesWithQuoteMint
    Program pfeeUxB6jkeY1Hxd7CsFCAjcbHA9rWtchMGdZ6VojVZ consumed 5785 of 348969 compute units
    Program return: pfeeUxB6jkeY1Hxd7CsFCAjcbHA9rWtchMGdZ6VojVZ FAAAAAAAAAAFAAAAAAAAAAUAAAAAAAAA
    Program pfeeUxB6jkeY1Hxd7CsFCAjcbHA9rWtchMGdZ6VojVZ success
    Program TokenzQdBNbLqP5VEhdkAS6EPFLC1PHnBqCXEpPxuEb invoke [3]
    Program log: Instruction: TransferChecked
    Program TokenzQdBNbLqP5VEhdkAS6EPFLC1PHnBqCXEpPxuEb consumed 2562 of 337812 compute units
    Program TokenzQdBNbLqP5VEhdkAS6EPFLC1PHnBqCXEpPxuEb success
    Program TokenkegQfeZyiNwAJbNbGKPFXCWuBvf9Ss623VQ5DA invoke [3]
    Program TokenkegQfeZyiNwAJbNbGKPFXCWuBvf9Ss623VQ5DA consumed 112 of 332746 compute units
    ...
    Program TokenzQdBNbLqP5VEhdkAS6EPFLC1PHnBqCXEpPxuEb consumed 1305 of 236178 compute units
    Program TokenzQdBNbLqP5VEhdkAS6EPFLC1PHnBqCXEpPxuEb failed: incorrect program id for instruction
    Program LBUZKhRxPF3XUpBCjp4YzTKgLccjZhTSDM9YuVaPwxo consumed 28236 of 263109 compute units
    Program LBUZKhRxPF3XUpBCjp4YzTKgLccjZhTSDM9YuVaPwxo failed: incorrect program id for instruction
    Program CnddPhKV1fnKE7ic5nSJcoVq2XFmQ9daE3tuqc2u6qTt consumed 164827 of 399700 compute units
    Program CnddPhKV1fnKE7ic5nSJcoVq2XFmQ9daE3tuqc2u6qTt failed: incorrect program id for instruction
RECOVER  pump-dlmm-dlmm id=1339 custom6=False cu=165127 raw=828 alt=True err={'InstructionError': [2, 'IncorrectProgramId']}
  simulate err={'InstructionError': [2, 'IncorrectProgramId']} cu=167223 logs=70
    Program ComputeBudget111111111111111111111111111111 invoke [1]
    Program ComputeBudget111111111111111111111111111111 success
    Program ComputeBudget111111111111111111111111111111 invoke [1]
    Program ComputeBudget111111111111111111111111111111 success
    Program CnddPhKV1fnKE7ic5nSJcoVq2XFmQ9daE3tuqc2u6qTt invoke [1]
    Program pAMMBay6oceH9fJKBRHGP5D4bD4sWpmSwMn52FMfXEA invoke [2]
    Program log: Instruction: BuyExactQuoteIn
    Program 11111111111111111111111111111111 invoke [3]
    Program 11111111111111111111111111111111 success
    Program pfeeUxB6jkeY1Hxd7CsFCAjcbHA9rWtchMGdZ6VojVZ invoke [3]
    Program log: Instruction: GetFeesWithQuoteMint
    Program pfeeUxB6jkeY1Hxd7CsFCAjcbHA9rWtchMGdZ6VojVZ consumed 5785 of 348969 compute units
    Program return: pfeeUxB6jkeY1Hxd7CsFCAjcbHA9rWtchMGdZ6VojVZ FAAAAAAAAAAFAAAAAAAAAAUAAAAAAAAA
    Program pfeeUxB6jkeY1Hxd7CsFCAjcbHA9rWtchMGdZ6VojVZ success
    Program TokenzQdBNbLqP5VEhdkAS6EPFLC1PHnBqCXEpPxuEb invoke [3]
    Program log: Instruction: TransferChecked
    Program TokenzQdBNbLqP5VEhdkAS6EPFLC1PHnBqCXEpPxuEb consumed 2562 of 337812 compute units
    Program TokenzQdBNbLqP5VEhdkAS6EPFLC1PHnBqCXEpPxuEb success
    Program TokenkegQfeZyiNwAJbNbGKPFXCWuBvf9Ss623VQ5DA invoke [3]
    Program TokenkegQfeZyiNwAJbNbGKPFXCWuBvf9Ss623VQ5DA consumed 112 of 332746 compute units
    ...
    Program TokenzQdBNbLqP5VEhdkAS6EPFLC1PHnBqCXEpPxuEb consumed 1305 of 234082 compute units
    Program TokenzQdBNbLqP5VEhdkAS6EPFLC1PHnBqCXEpPxuEb failed: incorrect program id for instruction
    Program LBUZKhRxPF3XUpBCjp4YzTKgLccjZhTSDM9YuVaPwxo consumed 30332 of 263109 compute units
    Program LBUZKhRxPF3XUpBCjp4YzTKgLccjZhTSDM9YuVaPwxo failed: incorrect program id for instruction
    Program CnddPhKV1fnKE7ic5nSJcoVq2XFmQ9daE3tuqc2u6qTt consumed 166923 of 399700 compute units
    Program CnddPhKV1fnKE7ic5nSJcoVq2XFmQ9daE3tuqc2u6qTt failed: incorrect program id for instruction
RECOVER  pump-dlmm-dlmm id=1340 custom6=False cu=167223 raw=828 alt=True err={'InstructionError': [2, 'IncorrectProgramId']}
  simulate err={'InstructionError': [2, 'IncorrectProgramId']} cu=165798 logs=67
    Program ComputeBudget111111111111111111111111111111 invoke [1]
    Program ComputeBudget111111111111111111111111111111 success
    Program ComputeBudget111111111111111111111111111111 invoke [1]
    Program ComputeBudget111111111111111111111111111111 success
    Program CnddPhKV1fnKE7ic5nSJcoVq2XFmQ9daE3tuqc2u6qTt invoke [1]
    Program pAMMBay6oceH9fJKBRHGP5D4bD4sWpmSwMn52FMfXEA invoke [2]
    Program log: Instruction: BuyExactQuoteIn
    Program 11111111111111111111111111111111 invoke [3]
    Program 11111111111111111111111111111111 success
    Program pfeeUxB6jkeY1Hxd7CsFCAjcbHA9rWtchMGdZ6VojVZ invoke [3]
    Program log: Instruction: GetFeesWithQuoteMint
    Program pfeeUxB6jkeY1Hxd7CsFCAjcbHA9rWtchMGdZ6VojVZ consumed 5785 of 348969 compute units
    Program return: pfeeUxB6jkeY1Hxd7CsFCAjcbHA9rWtchMGdZ6VojVZ FAAAAAAAAAAFAAAAAAAAAAUAAAAAAAAA
    Program pfeeUxB6jkeY1Hxd7CsFCAjcbHA9rWtchMGdZ6VojVZ success
    Program TokenzQdBNbLqP5VEhdkAS6EPFLC1PHnBqCXEpPxuEb invoke [3]
    Program log: Instruction: TransferChecked
    Program TokenzQdBNbLqP5VEhdkAS6EPFLC1PHnBqCXEpPxuEb consumed 2562 of 337812 compute units
    Program TokenzQdBNbLqP5VEhdkAS6EPFLC1PHnBqCXEpPxuEb success
    Program TokenkegQfeZyiNwAJbNbGKPFXCWuBvf9Ss623VQ5DA invoke [3]
    Program TokenkegQfeZyiNwAJbNbGKPFXCWuBvf9Ss623VQ5DA consumed 112 of 332746 compute units
    ...
    Program TokenzQdBNbLqP5VEhdkAS6EPFLC1PHnBqCXEpPxuEb consumed 1305 of 235507 compute units
    Program TokenzQdBNbLqP5VEhdkAS6EPFLC1PHnBqCXEpPxuEb failed: incorrect program id for instruction
    Program LBUZKhRxPF3XUpBCjp4YzTKgLccjZhTSDM9YuVaPwxo consumed 28907 of 263109 compute units
    Program LBUZKhRxPF3XUpBCjp4YzTKgLccjZhTSDM9YuVaPwxo failed: incorrect program id for instruction
    Program CnddPhKV1fnKE7ic5nSJcoVq2XFmQ9daE3tuqc2u6qTt consumed 165498 of 399700 compute units
    Program CnddPhKV1fnKE7ic5nSJcoVq2XFmQ9daE3tuqc2u6qTt failed: incorrect program id for instruction
RECOVER  pump-dlmm-dlmm id=1341 custom6=False cu=165798 raw=828 alt=True err={'InstructionError': [2, 'IncorrectProgramId']}
RECOVER  sequences 3/7 FAIL
HURDLE  wrote hops_hurdle.h
  dlmm-dlmm        cu=81777 lim=98132 min_gross=303132
  dlmm-pump        cu=131550 lim=157860 min_gross=362860
  pump-dlmm        cu=145414 lim=174496 min_gross=379496
  pump-pump        cu=None lim=200000 min_gross=405000
  dlmm-dlmm-dlmm   cu=None lim=200000 min_gross=405000
  dlmm-dlmm-pump   cu=None lim=200000 min_gross=405000
  pump-dlmm-dlmm   cu=None lim=200000 min_gross=405000
